,City_ID,Year,Province_n,Wheat,Maize,Rice
1274,C27,1965,Gansu,2,1,1
1275,C27,1966,Gansu,2,1,1
1276,C27,1967,Gansu,2,1,1
1277,C27,1968,Gansu,2,1,1
1278,C27,1969,Gansu,2,1,1
1279,C27,1970,Gansu,2,1,1
1280,C27,1971,Gansu,2,1,1
1281,C27,1972,Gansu,2,1,1
1282,C27,1973,Gansu,2,1,1
1283,C27,1974,Gansu,3,1,1
1284,C27,1975,Gansu,3,1,1
1285,C27,1976,Gansu,3,1,1
1286,C27,1977,Gansu,3,1,1
1287,C27,1978,Gansu,3,1,1
1288,C27,1979,Gansu,3,1,1
1289,C27,1980,Gansu,3,1,1
1290,C27,1981,Gansu,3,1,1
1291,C27,1982,Gansu,3,1,1
1292,C27,1983,Gansu,3,1,1
1293,C27,1984,Gansu,3,1,1
1294,C27,1985,Gansu,3,1,1
1295,C27,1986,Gansu,3,1,1
1296,C27,1987,Gansu,3,1,1
1297,C27,1988,Gansu,3,1,1
1298,C27,1989,Gansu,3,1,1
1299,C27,1990,Gansu,3,1,1
1300,C27,1991,Gansu,3,1,1
1301,C27,1992,Gansu,2,1,1
1302,C27,1993,Gansu,3,1,1
1303,C27,1994,Gansu,2,1,1
1304,C27,1995,Gansu,3,1,1
1305,C27,1996,Gansu,3,1,1
1306,C27,1997,Gansu,3,1,1
1307,C27,1998,Gansu,3,1,1
1308,C27,1999,Gansu,2,2,1
1309,C27,2000,Gansu,2,1,1
1310,C27,2001,Gansu,2,2,1
1311,C27,2002,Gansu,2,2,1
1312,C27,2003,Gansu,2,2,1
1313,C27,2004,Gansu,2,2,1
1314,C27,2005,Gansu,2,2,1
1315,C27,2006,Gansu,2,2,1
1316,C27,2007,Gansu,2,1,1
1317,C27,2008,Gansu,2,2,1
1318,C27,2009,Gansu,2,2,1
1319,C27,2010,Gansu,2,3,1
1320,C27,2011,Gansu,2,3,1
1321,C27,2012,Gansu,2,3,1
1322,C27,2013,Gansu,2,3,1
1323,C28,1965,Gansu,3,1,0
1324,C28,1966,Gansu,3,1,0
1325,C28,1967,Gansu,3,1,0
1326,C28,1968,Gansu,3,1,0
1327,C28,1969,Gansu,3,1,0
1328,C28,1970,Gansu,3,1,0
1329,C28,1971,Gansu,3,1,0
1330,C28,1972,Gansu,3,1,0
1331,C28,1973,Gansu,3,1,0
1332,C28,1974,Gansu,4,1,0
1333,C28,1975,Gansu,4,1,0
1334,C28,1976,Gansu,4,1,0
1335,C28,1977,Gansu,4,1,0
1336,C28,1978,Gansu,4,1,0
1337,C28,1979,Gansu,4,1,0
1338,C28,1980,Gansu,4,1,0
1339,C28,1981,Gansu,4,1,0
1340,C28,1982,Gansu,4,1,0
1341,C28,1983,Gansu,4,1,0
1342,C28,1984,Gansu,5,1,0
1343,C28,1985,Gansu,4,1,0
1344,C28,1986,Gansu,4,1,0
1345,C28,1987,Gansu,4,1,0
1346,C28,1988,Gansu,4,1,0
1347,C28,1989,Gansu,4,1,0
1348,C28,1990,Gansu,4,1,0
1349,C28,1991,Gansu,4,1,0
1350,C28,1992,Gansu,4,1,0
1351,C28,1993,Gansu,4,1,0
1352,C28,1994,Gansu,4,1,0
1353,C28,1995,Gansu,4,1,0
1354,C28,1996,Gansu,4,1,0
1355,C28,1997,Gansu,4,1,0
1356,C28,1998,Gansu,4,1,0
1357,C28,1999,Gansu,3,1,0
1358,C28,2000,Gansu,3,1,0
1359,C28,2001,Gansu,3,1,0
1360,C28,2002,Gansu,3,1,0
1361,C28,2003,Gansu,3,1,0
1362,C28,2004,Gansu,2,1,0
1363,C28,2005,Gansu,3,1,0
1364,C28,2006,Gansu,3,1,0
1365,C28,2007,Gansu,3,1,0
1366,C28,2008,Gansu,3,2,0
1367,C28,2009,Gansu,3,3,0
1368,C28,2010,Gansu,2,3,0
1369,C28,2011,Gansu,2,4,0
1370,C28,2012,Gansu,2,4,0
1371,C28,2013,Gansu,2,4,0
1372,C29,1965,Gansu,1,1,0
1373,C29,1966,Gansu,1,1,0
1374,C29,1967,Gansu,1,1,0
1375,C29,1968,Gansu,1,1,0
1376,C29,1969,Gansu,1,1,0
1377,C29,1970,Gansu,1,1,0
1378,C29,1971,Gansu,1,1,0
1379,C29,1972,Gansu,1,1,0
1380,C29,1973,Gansu,1,1,0
1381,C29,1974,Gansu,1,1,0
1382,C29,1975,Gansu,1,1,0
1383,C29,1976,Gansu,1,1,0
1384,C29,1977,Gansu,1,1,0
1385,C29,1978,Gansu,1,1,0
1386,C29,1979,Gansu,1,1,0
1387,C29,1980,Gansu,1,1,0
1388,C29,1981,Gansu,1,1,0
1389,C29,1982,Gansu,1,1,0
1390,C29,1983,Gansu,1,1,0
1391,C29,1984,Gansu,1,1,0
1392,C29,1985,Gansu,1,1,0
1393,C29,1986,Gansu,1,1,0
1394,C29,1987,Gansu,1,1,0
1395,C29,1988,Gansu,1,1,0
1396,C29,1989,Gansu,1,1,0
1397,C29,1990,Gansu,1,1,0
1398,C29,1991,Gansu,1,1,0
1399,C29,1992,Gansu,1,1,0
1400,C29,1993,Gansu,1,1,0
1401,C29,1994,Gansu,1,1,0
1402,C29,1995,Gansu,1,1,0
1403,C29,1996,Gansu,1,1,0
1404,C29,1997,Gansu,1,1,0
1405,C29,1998,Gansu,1,1,0
1406,C29,1999,Gansu,1,1,0
1407,C29,2000,Gansu,1,1,0
1408,C29,2001,Gansu,1,1,0
1409,C29,2002,Gansu,1,1,0
1410,C29,2003,Gansu,1,1,0
1411,C29,2004,Gansu,1,1,0
1412,C29,2005,Gansu,1,1,0
1413,C29,2006,Gansu,1,1,0
1414,C29,2007,Gansu,1,1,0
1415,C29,2008,Gansu,1,1,0
1416,C29,2009,Gansu,1,1,0
1417,C29,2010,Gansu,1,1,0
1418,C29,2011,Gansu,1,1,0
1419,C29,2012,Gansu,1,1,0
1420,C29,2013,Gansu,1,1,0
1568,C33,1965,Gansu,2,1,0
1569,C33,1966,Gansu,2,1,0
1570,C33,1967,Gansu,2,1,0
1571,C33,1968,Gansu,2,1,0
1572,C33,1969,Gansu,2,1,0
1573,C33,1970,Gansu,2,1,0
1574,C33,1971,Gansu,2,1,0
1575,C33,1972,Gansu,2,1,0
1576,C33,1973,Gansu,2,1,0
1577,C33,1974,Gansu,3,1,0
1578,C33,1975,Gansu,3,1,0
1579,C33,1976,Gansu,3,1,0
1580,C33,1977,Gansu,3,1,0
1581,C33,1978,Gansu,3,1,0
1582,C33,1979,Gansu,3,1,0
1583,C33,1980,Gansu,3,1,0
1584,C33,1981,Gansu,3,1,0
1585,C33,1982,Gansu,3,1,0
1586,C33,1983,Gansu,3,1,0
1587,C33,1984,Gansu,3,1,0
1588,C33,1985,Gansu,3,1,0
1589,C33,1986,Gansu,3,1,0
1590,C33,1987,Gansu,3,1,0
1591,C33,1988,Gansu,3,1,0
1592,C33,1989,Gansu,3,1,0
1593,C33,1990,Gansu,3,1,0
1594,C33,1991,Gansu,3,1,1
1595,C33,1992,Gansu,3,1,1
1596,C33,1993,Gansu,3,1,1
1597,C33,1994,Gansu,3,1,1
1598,C33,1995,Gansu,3,1,1
1599,C33,1996,Gansu,3,1,1
1600,C33,1997,Gansu,3,1,1
1601,C33,1998,Gansu,3,1,1
1602,C33,1999,Gansu,2,1,1
1603,C33,2000,Gansu,2,1,1
1604,C33,2001,Gansu,2,1,1
1605,C33,2002,Gansu,2,1,1
1606,C33,2003,Gansu,2,1,1
1607,C33,2004,Gansu,2,1,1
1608,C33,2005,Gansu,2,1,1
1609,C33,2006,Gansu,2,1,1
1610,C33,2007,Gansu,2,1,1
1611,C33,2008,Gansu,2,1,1
1612,C33,2009,Gansu,2,1,1
1613,C33,2010,Gansu,2,1,1
1614,C33,2011,Gansu,2,1,1
1615,C33,2012,Gansu,2,1,1
1616,C33,2013,Gansu,1,1,1
1617,C34,1965,Gansu,1,1,0
1618,C34,1966,Gansu,1,1,0
1619,C34,1967,Gansu,2,1,0
1620,C34,1968,Gansu,2,1,0
1621,C34,1969,Gansu,2,1,0
1622,C34,1970,Gansu,2,1,0
1623,C34,1971,Gansu,2,1,0
1624,C34,1972,Gansu,2,1,0
1625,C34,1973,Gansu,2,1,0
1626,C34,1974,Gansu,2,1,0
1627,C34,1975,Gansu,2,1,0
1628,C34,1976,Gansu,2,1,0
1629,C34,1977,Gansu,2,1,0
1630,C34,1978,Gansu,2,1,0
1631,C34,1979,Gansu,2,1,0
1632,C34,1980,Gansu,2,1,0
1633,C34,1981,Gansu,2,1,0
1634,C34,1982,Gansu,2,1,0
1635,C34,1983,Gansu,2,1,0
1636,C34,1984,Gansu,2,1,0
1637,C34,1985,Gansu,2,1,0
1638,C34,1986,Gansu,2,1,0
1639,C34,1987,Gansu,2,1,0
1640,C34,1988,Gansu,2,1,0
1641,C34,1989,Gansu,2,1,0
1642,C34,1990,Gansu,2,1,0
1643,C34,1991,Gansu,2,1,0
1644,C34,1992,Gansu,2,1,0
1645,C34,1993,Gansu,2,1,0
1646,C34,1994,Gansu,2,1,0
1647,C34,1995,Gansu,2,1,0
1648,C34,1996,Gansu,2,1,0
1649,C34,1997,Gansu,2,1,0
1650,C34,1998,Gansu,2,1,1
1651,C34,1999,Gansu,2,1,1
1652,C34,2000,Gansu,2,1,1
1653,C34,2001,Gansu,2,1,1
1654,C34,2002,Gansu,2,1,1
1655,C34,2003,Gansu,1,1,1
1656,C34,2004,Gansu,1,1,1
1657,C34,2005,Gansu,1,1,1
1658,C34,2006,Gansu,1,1,1
1659,C34,2007,Gansu,1,1,1
1660,C34,2008,Gansu,2,1,1
1661,C34,2009,Gansu,2,2,1
1662,C34,2010,Gansu,1,2,1
1663,C34,2011,Gansu,1,2,1
1664,C34,2012,Gansu,1,2,1
1665,C34,2013,Gansu,1,2,1
1715,C36,1965,Gansu,3,1,0
1716,C36,1966,Gansu,3,1,0
1717,C36,1967,Gansu,3,1,0
1718,C36,1968,Gansu,3,1,0
1719,C36,1969,Gansu,3,1,0
1720,C36,1970,Gansu,3,1,0
1721,C36,1971,Gansu,3,1,0
1722,C36,1972,Gansu,3,1,0
1723,C36,1973,Gansu,4,1,0
1724,C36,1974,Gansu,4,1,0
1725,C36,1975,Gansu,5,1,0
1726,C36,1976,Gansu,4,1,0
1727,C36,1977,Gansu,4,1,0
1728,C36,1978,Gansu,4,1,0
1729,C36,1979,Gansu,4,1,0
1730,C36,1980,Gansu,4,1,0
1731,C36,1981,Gansu,4,1,0
1732,C36,1982,Gansu,5,1,0
1733,C36,1983,Gansu,5,1,0
1734,C36,1984,Gansu,5,1,0
1735,C36,1985,Gansu,4,1,0
1736,C36,1986,Gansu,4,1,0
1737,C36,1987,Gansu,4,1,0
1738,C36,1988,Gansu,4,1,0
1739,C36,1989,Gansu,4,1,0
1740,C36,1990,Gansu,4,1,0
1741,C36,1991,Gansu,4,1,0
1742,C36,1992,Gansu,4,1,0
1743,C36,1993,Gansu,4,1,0
1744,C36,1994,Gansu,4,1,0
1745,C36,1995,Gansu,4,1,0
1746,C36,1996,Gansu,4,2,0
1747,C36,1997,Gansu,4,2,0
1748,C36,1998,Gansu,4,2,0
1749,C36,1999,Gansu,4,2,0
1750,C36,2000,Gansu,4,2,0
1751,C36,2001,Gansu,4,2,0
1752,C36,2002,Gansu,4,2,0
1753,C36,2003,Gansu,4,2,0
1754,C36,2004,Gansu,4,2,0
1755,C36,2005,Gansu,4,2,0
1756,C36,2006,Gansu,4,2,0
1757,C36,2007,Gansu,4,2,0
1758,C36,2008,Gansu,4,2,0
1759,C36,2009,Gansu,4,2,0
1760,C36,2010,Gansu,4,2,0
1761,C36,2011,Gansu,4,2,0
1762,C36,2012,Gansu,4,3,0
1763,C36,2013,Gansu,4,2,0
1764,C37,1965,Gansu,3,1,1
1765,C37,1966,Gansu,3,1,1
1766,C37,1967,Gansu,3,1,1
1767,C37,1968,Gansu,4,1,1
1768,C37,1969,Gansu,4,1,1
1769,C37,1970,Gansu,4,1,1
1770,C37,1971,Gansu,4,1,1
1771,C37,1972,Gansu,4,1,1
1772,C37,1973,Gansu,4,1,1
1773,C37,1974,Gansu,5,1,1
1774,C37,1975,Gansu,5,1,1
1775,C37,1976,Gansu,5,1,1
1776,C37,1977,Gansu,5,1,1
1777,C37,1978,Gansu,5,1,1
1778,C37,1979,Gansu,5,1,1
1779,C37,1980,Gansu,5,1,1
1780,C37,1981,Gansu,5,1,1
1781,C37,1982,Gansu,5,1,1
1782,C37,1983,Gansu,5,1,1
1783,C37,1984,Gansu,5,1,1
1784,C37,1985,Gansu,5,1,1
1785,C37,1986,Gansu,5,1,1
1786,C37,1987,Gansu,5,1,1
1787,C37,1988,Gansu,5,1,1
1788,C37,1989,Gansu,5,1,1
1789,C37,1990,Gansu,5,1,1
1790,C37,1991,Gansu,5,1,1
1791,C37,1992,Gansu,5,1,1
1792,C37,1993,Gansu,5,1,1
1793,C37,1994,Gansu,5,1,1
1794,C37,1995,Gansu,4,1,1
1795,C37,1996,Gansu,5,2,1
1796,C37,1997,Gansu,5,2,1
1797,C37,1998,Gansu,5,2,1
1798,C37,1999,Gansu,5,2,1
1799,C37,2000,Gansu,5,2,1
1800,C37,2001,Gansu,5,2,1
1801,C37,2002,Gansu,5,2,1
1802,C37,2003,Gansu,4,2,1
1803,C37,2004,Gansu,4,2,1
1804,C37,2005,Gansu,4,2,1
1805,C37,2006,Gansu,5,2,1
1806,C37,2007,Gansu,4,2,1
1807,C37,2008,Gansu,5,2,1
1808,C37,2009,Gansu,5,4,1
1809,C37,2010,Gansu,4,4,1
1810,C37,2011,Gansu,4,4,1
1811,C37,2012,Gansu,4,5,1
1812,C37,2013,Gansu,3,5,1
1813,C38,1965,Gansu,2,1,1
1814,C38,1966,Gansu,2,1,1
1815,C38,1967,Gansu,3,1,1
1816,C38,1968,Gansu,3,1,1
1817,C38,1969,Gansu,3,1,1
1818,C38,1970,Gansu,3,1,1
1819,C38,1971,Gansu,3,2,1
1820,C38,1972,Gansu,3,2,1
1821,C38,1973,Gansu,3,2,1
1822,C38,1974,Gansu,4,2,1
1823,C38,1975,Gansu,4,2,1
1824,C38,1976,Gansu,4,2,1
1825,C38,1977,Gansu,4,2,1
1826,C38,1978,Gansu,4,2,1
1827,C38,1979,Gansu,4,2,1
1828,C38,1980,Gansu,4,2,1
1829,C38,1981,Gansu,4,2,1
1830,C38,1982,Gansu,4,2,1
1831,C38,1983,Gansu,4,2,1
1832,C38,1984,Gansu,4,2,1
1833,C38,1985,Gansu,4,1,1
1834,C38,1986,Gansu,4,2,1
1835,C38,1987,Gansu,4,2,1
1836,C38,1988,Gansu,4,2,1
1837,C38,1989,Gansu,4,2,1
1838,C38,1990,Gansu,4,2,1
1839,C38,1991,Gansu,4,2,1
1840,C38,1992,Gansu,4,2,1
1841,C38,1993,Gansu,4,2,1
1842,C38,1994,Gansu,4,2,1
1843,C38,1995,Gansu,4,2,1
1844,C38,1996,Gansu,4,2,1
1845,C38,1997,Gansu,4,2,1
1846,C38,1998,Gansu,4,2,1
1847,C38,1999,Gansu,4,2,1
1848,C38,2000,Gansu,4,2,1
1849,C38,2001,Gansu,4,2,1
1850,C38,2002,Gansu,4,2,1
1851,C38,2003,Gansu,4,2,1
1852,C38,2004,Gansu,4,2,1
1853,C38,2005,Gansu,4,2,1
1854,C38,2006,Gansu,4,2,1
1855,C38,2007,Gansu,4,2,1
1856,C38,2008,Gansu,4,2,1
1857,C38,2009,Gansu,4,3,1
1858,C38,2010,Gansu,4,2,1
1859,C38,2011,Gansu,4,3,1
1860,C38,2012,Gansu,4,3,1
1861,C38,2013,Gansu,4,2,1
1862,C39,1965,Gansu,2,1,0
1863,C39,1966,Gansu,2,1,0
1864,C39,1967,Gansu,2,1,0
1865,C39,1968,Gansu,2,1,0
1866,C39,1969,Gansu,2,1,0
1867,C39,1970,Gansu,2,1,0
1868,C39,1971,Gansu,2,1,0
1869,C39,1972,Gansu,2,1,0
1870,C39,1973,Gansu,3,1,0
1871,C39,1974,Gansu,3,1,0
1872,C39,1975,Gansu,3,1,0
1873,C39,1976,Gansu,3,1,0
1874,C39,1977,Gansu,3,1,0
1875,C39,1978,Gansu,3,1,0
1876,C39,1979,Gansu,3,1,0
1877,C39,1980,Gansu,3,1,0
1878,C39,1981,Gansu,3,1,0
1879,C39,1982,Gansu,3,1,0
1880,C39,1983,Gansu,3,1,0
1881,C39,1984,Gansu,3,1,0
1882,C39,1985,Gansu,3,1,0
1883,C39,1986,Gansu,3,1,0
1884,C39,1987,Gansu,3,1,0
1885,C39,1988,Gansu,3,1,0
1886,C39,1989,Gansu,3,1,0
1887,C39,1990,Gansu,3,1,0
1888,C39,1991,Gansu,3,1,0
1889,C39,1992,Gansu,3,1,0
1890,C39,1993,Gansu,3,1,0
1891,C39,1994,Gansu,3,1,0
1892,C39,1995,Gansu,3,1,0
1893,C39,1996,Gansu,3,1,0
1894,C39,1997,Gansu,3,1,0
1895,C39,1998,Gansu,3,1,0
1896,C39,1999,Gansu,2,1,0
1897,C39,2000,Gansu,3,1,0
1898,C39,2001,Gansu,2,1,0
1899,C39,2002,Gansu,2,2,0
1900,C39,2003,Gansu,2,1,0
1901,C39,2004,Gansu,2,1,0
1902,C39,2005,Gansu,2,1,0
1903,C39,2006,Gansu,2,2,0
1904,C39,2007,Gansu,2,1,0
1905,C39,2008,Gansu,2,1,0
1906,C39,2009,Gansu,2,2,0
1907,C39,2010,Gansu,2,2,0
1908,C39,2011,Gansu,2,2,0
1909,C39,2012,Gansu,1,2,0
1910,C39,2013,Gansu,1,2,0
4704,C97,1965,Henan,2,1,1
4705,C97,1966,Henan,3,1,1
4706,C97,1967,Henan,3,1,1
4707,C97,1968,Henan,4,1,1
4708,C97,1969,Henan,4,1,1
4709,C97,1970,Henan,4,2,1
4710,C97,1971,Henan,4,2,1
4711,C97,1972,Henan,4,2,1
4712,C97,1973,Henan,5,2,1
4713,C97,1974,Henan,5,3,1
4714,C97,1975,Henan,6,3,1
4715,C97,1976,Henan,6,3,1
4716,C97,1977,Henan,6,4,1
4717,C97,1978,Henan,6,3,1
4718,C97,1979,Henan,6,3,1
4719,C97,1980,Henan,6,3,1
4720,C97,1981,Henan,6,3,1
4721,C97,1982,Henan,6,3,1
4722,C97,1983,Henan,6,3,1
4723,C97,1984,Henan,6,3,1
4724,C97,1985,Henan,6,3,1
4725,C97,1986,Henan,6,3,1
4726,C97,1987,Henan,6,3,1
4727,C97,1988,Henan,7,3,1
4728,C97,1989,Henan,7,4,1
4729,C97,1990,Henan,7,4,1
4730,C97,1991,Henan,7,3,1
4731,C97,1992,Henan,8,5,1
4732,C97,1993,Henan,8,4,1
4733,C97,1994,Henan,8,4,1
4734,C97,1995,Henan,8,4,1
4735,C97,1996,Henan,8,5,1
4736,C97,1997,Henan,8,5,1
4737,C97,1998,Henan,9,5,1
4738,C97,1999,Henan,9,5,1
4739,C97,2000,Henan,9,4,1
4740,C97,2001,Henan,8,4,1
4741,C97,2002,Henan,8,4,1
4742,C97,2003,Henan,8,5,1
4743,C97,2004,Henan,9,5,1
4744,C97,2005,Henan,9,5,1
4745,C97,2006,Henan,9,6,1
4746,C97,2007,Henan,9,6,1
4747,C97,2008,Henan,9,6,1
4748,C97,2009,Henan,9,7,1
4749,C97,2010,Henan,10,7,1
4750,C97,2011,Henan,10,7,1
4751,C97,2012,Henan,10,7,1
4752,C97,2013,Henan,9,7,1
4802,C99,1965,Henan,1,1,1
4803,C99,1966,Henan,1,1,1
4804,C99,1967,Henan,1,1,1
4805,C99,1968,Henan,1,1,1
4806,C99,1969,Henan,1,1,1
4807,C99,1970,Henan,1,1,1
4808,C99,1971,Henan,1,1,1
4809,C99,1972,Henan,1,1,1
4810,C99,1973,Henan,1,1,1
4811,C99,1974,Henan,1,1,1
4812,C99,1975,Henan,1,1,1
4813,C99,1976,Henan,1,1,1
4814,C99,1977,Henan,1,1,1
4815,C99,1978,Henan,1,1,1
4816,C99,1979,Henan,1,1,1
4817,C99,1980,Henan,1,1,1
4818,C99,1981,Henan,1,1,1
4819,C99,1982,Henan,1,1,1
4820,C99,1983,Henan,1,1,1
4821,C99,1984,Henan,1,1,1
4822,C99,1985,Henan,1,1,1
4823,C99,1986,Henan,1,1,1
4824,C99,1987,Henan,1,1,1
4825,C99,1988,Henan,1,1,1
4826,C99,1989,Henan,1,1,1
4827,C99,1990,Henan,1,1,1
4828,C99,1991,Henan,1,1,1
4829,C99,1992,Henan,1,1,1
4830,C99,1993,Henan,1,1,1
4831,C99,1994,Henan,1,1,1
4832,C99,1995,Henan,1,1,1
4833,C99,1996,Henan,1,1,1
4834,C99,1997,Henan,1,1,1
4835,C99,1998,Henan,1,1,1
4836,C99,1999,Henan,1,1,1
4837,C99,2000,Henan,1,1,1
4838,C99,2001,Henan,1,1,1
4839,C99,2002,Henan,1,1,1
4840,C99,2003,Henan,1,1,1
4841,C99,2004,Henan,1,1,1
4842,C99,2005,Henan,1,1,1
4843,C99,2006,Henan,1,1,1
4844,C99,2007,Henan,1,1,1
4845,C99,2008,Henan,1,1,1
4846,C99,2009,Henan,1,1,0
4847,C99,2010,Henan,1,1,1
4848,C99,2011,Henan,1,1,1
4849,C99,2012,Henan,1,1,1
4850,C99,2013,Henan,1,1,1
4851,C100,1965,Henan,2,1,1
4852,C100,1966,Henan,2,1,1
4853,C100,1967,Henan,2,1,1
4854,C100,1968,Henan,2,1,1
4855,C100,1969,Henan,2,1,1
4856,C100,1970,Henan,3,2,1
4857,C100,1971,Henan,3,2,1
4858,C100,1972,Henan,3,2,1
4859,C100,1973,Henan,3,2,1
4860,C100,1974,Henan,3,3,1
4861,C100,1975,Henan,3,3,1
4862,C100,1976,Henan,4,3,1
4863,C100,1977,Henan,4,3,1
4864,C100,1978,Henan,4,3,1
4865,C100,1979,Henan,4,3,1
4866,C100,1980,Henan,3,3,1
4867,C100,1981,Henan,3,3,1
4868,C100,1982,Henan,3,3,1
4869,C100,1983,Henan,3,3,1
4870,C100,1984,Henan,3,3,1
4871,C100,1985,Henan,3,3,1
4872,C100,1986,Henan,3,3,1
4873,C100,1987,Henan,3,3,1
4874,C100,1988,Henan,3,3,1
4875,C100,1989,Henan,3,3,1
4876,C100,1990,Henan,4,3,1
4877,C100,1991,Henan,4,3,1
4878,C100,1992,Henan,4,3,1
4879,C100,1993,Henan,4,3,1
4880,C100,1994,Henan,4,3,1
4881,C100,1995,Henan,4,4,1
4882,C100,1996,Henan,4,3,1
4883,C100,1997,Henan,4,3,1
4884,C100,1998,Henan,4,3,1
4885,C100,1999,Henan,4,3,1
4886,C100,2000,Henan,4,3,1
4887,C100,2001,Henan,4,3,1
4888,C100,2002,Henan,4,3,1
4889,C100,2003,Henan,4,3,1
4890,C100,2004,Henan,4,3,1
4891,C100,2005,Henan,4,3,1
4892,C100,2006,Henan,5,4,1
4893,C100,2007,Henan,5,4,1
4894,C100,2008,Henan,5,4,1
4895,C100,2009,Henan,5,4,1
4896,C100,2010,Henan,5,4,1
4897,C100,2011,Henan,5,4,1
4898,C100,2012,Henan,5,4,1
4899,C100,2013,Henan,5,4,1
4949,C102,1965,Henan,2,1,1
4950,C102,1966,Henan,3,1,1
4951,C102,1967,Henan,3,1,1
4952,C102,1968,Henan,4,1,1
4953,C102,1969,Henan,4,1,1
4954,C102,1970,Henan,4,2,1
4955,C102,1971,Henan,4,2,1
4956,C102,1972,Henan,4,2,1
4957,C102,1973,Henan,5,2,1
4958,C102,1974,Henan,5,3,1
4959,C102,1975,Henan,6,3,1
4960,C102,1976,Henan,6,3,1
4961,C102,1977,Henan,6,4,1
4962,C102,1978,Henan,6,3,1
4963,C102,1979,Henan,6,3,1
4964,C102,1980,Henan,6,3,1
4965,C102,1981,Henan,6,3,1
4966,C102,1982,Henan,6,3,1
4967,C102,1983,Henan,6,3,1
4968,C102,1984,Henan,6,3,1
4969,C102,1985,Henan,6,3,1
4970,C102,1986,Henan,6,3,1
4971,C102,1987,Henan,6,3,1
4972,C102,1988,Henan,6,3,1
4973,C102,1989,Henan,6,3,1
4974,C102,1990,Henan,6,4,1
4975,C102,1991,Henan,7,4,1
4976,C102,1992,Henan,6,4,1
4977,C102,1993,Henan,7,3,1
4978,C102,1994,Henan,7,3,1
4979,C102,1995,Henan,7,4,1
4980,C102,1996,Henan,7,4,1
4981,C102,1997,Henan,7,3,1
4982,C102,1998,Henan,8,5,1
4983,C102,1999,Henan,8,5,1
4984,C102,2000,Henan,8,5,1
4985,C102,2001,Henan,8,5,1
4986,C102,2002,Henan,8,5,1
4987,C102,2003,Henan,7,5,1
4988,C102,2004,Henan,7,5,1
4989,C102,2005,Henan,7,5,1
4990,C102,2006,Henan,8,6,1
4991,C102,2007,Henan,8,6,1
4992,C102,2008,Henan,8,6,1
4993,C102,2009,Henan,8,6,1
4994,C102,2010,Henan,8,6,1
4995,C102,2011,Henan,8,6,1
4996,C102,2012,Henan,8,6,1
4997,C102,2013,Henan,8,6,1
5145,C106,1965,Henan,2,1,1
5146,C106,1966,Henan,2,1,1
5147,C106,1967,Henan,3,1,1
5148,C106,1968,Henan,3,1,1
5149,C106,1969,Henan,3,1,1
5150,C106,1970,Henan,3,1,1
5151,C106,1971,Henan,3,1,1
5152,C106,1972,Henan,4,1,1
5153,C106,1973,Henan,4,1,1
5154,C106,1974,Henan,4,2,1
5155,C106,1975,Henan,5,2,1
5156,C106,1976,Henan,5,2,1
5157,C106,1977,Henan,5,2,1
5158,C106,1978,Henan,5,2,1
5159,C106,1979,Henan,5,2,1
5160,C106,1980,Henan,5,2,1
5161,C106,1981,Henan,5,2,1
5162,C106,1982,Henan,5,2,1
5163,C106,1983,Henan,5,2,1
5164,C106,1984,Henan,5,2,1
5165,C106,1985,Henan,4,2,1
5166,C106,1986,Henan,5,2,1
5167,C106,1987,Henan,5,2,1
5168,C106,1988,Henan,5,2,1
5169,C106,1989,Henan,5,2,1
5170,C106,1990,Henan,5,3,1
5171,C106,1991,Henan,5,3,1
5172,C106,1992,Henan,5,2,1
5173,C106,1993,Henan,6,3,1
5174,C106,1994,Henan,5,2,1
5175,C106,1995,Henan,6,3,1
5176,C106,1996,Henan,6,3,1
5177,C106,1997,Henan,6,3,1
5178,C106,1998,Henan,6,3,1
5179,C106,1999,Henan,6,3,1
5180,C106,2000,Henan,6,3,1
5181,C106,2001,Henan,6,3,1
5182,C106,2002,Henan,6,3,1
5183,C106,2003,Henan,6,3,1
5184,C106,2004,Henan,6,3,2
5185,C106,2005,Henan,6,3,1
5186,C106,2006,Henan,7,3,1
5187,C106,2007,Henan,7,3,2
5188,C106,2008,Henan,7,3,2
5189,C106,2009,Henan,7,3,2
5190,C106,2010,Henan,7,3,2
5191,C106,2011,Henan,7,3,2
5192,C106,2012,Henan,7,4,2
5193,C106,2013,Henan,7,3,2
5194,C107,1965,Henan,1,1,1
5195,C107,1966,Henan,2,1,1
5196,C107,1967,Henan,2,1,1
5197,C107,1968,Henan,2,1,1
5198,C107,1969,Henan,2,1,1
5199,C107,1970,Henan,2,1,1
5200,C107,1971,Henan,2,1,1
5201,C107,1972,Henan,2,1,1
5202,C107,1973,Henan,3,1,1
5203,C107,1974,Henan,3,1,1
5204,C107,1975,Henan,3,2,1
5205,C107,1976,Henan,3,2,1
5206,C107,1977,Henan,3,2,1
5207,C107,1978,Henan,3,2,1
5208,C107,1979,Henan,3,2,1
5209,C107,1980,Henan,3,2,1
5210,C107,1981,Henan,3,2,1
5211,C107,1982,Henan,3,2,1
5212,C107,1983,Henan,3,2,1
5213,C107,1984,Henan,3,2,1
5214,C107,1985,Henan,3,2,1
5215,C107,1986,Henan,3,2,1
5216,C107,1987,Henan,3,2,1
5217,C107,1988,Henan,3,2,1
5218,C107,1989,Henan,3,2,1
5219,C107,1990,Henan,3,2,1
5220,C107,1991,Henan,3,2,1
5221,C107,1992,Henan,3,2,1
5222,C107,1993,Henan,3,2,1
5223,C107,1994,Henan,3,2,1
5224,C107,1995,Henan,3,1,1
5225,C107,1996,Henan,3,2,1
5226,C107,1997,Henan,3,1,1
5227,C107,1998,Henan,4,2,1
5228,C107,1999,Henan,3,2,1
5229,C107,2000,Henan,4,2,1
5230,C107,2001,Henan,3,2,0
5231,C107,2002,Henan,3,2,0
5232,C107,2003,Henan,3,2,1
5233,C107,2004,Henan,3,2,0
5234,C107,2005,Henan,3,2,0
5235,C107,2006,Henan,3,2,0
5236,C107,2007,Henan,3,2,0
5237,C107,2008,Henan,3,2,1
5238,C107,2009,Henan,3,2,1
5239,C107,2010,Henan,3,2,1
5240,C107,2011,Henan,3,2,1
5241,C107,2012,Henan,3,2,1
5242,C107,2013,Henan,3,2,1
5292,C109,1965,Henan,3,1,1
5293,C109,1966,Henan,3,1,1
5294,C109,1967,Henan,3,1,1
5295,C109,1968,Henan,4,1,1
5296,C109,1969,Henan,4,2,1
5297,C109,1970,Henan,5,2,1
5298,C109,1971,Henan,5,2,1
5299,C109,1972,Henan,5,2,1
5300,C109,1973,Henan,5,2,1
5301,C109,1974,Henan,6,3,1
5302,C109,1975,Henan,6,3,1
5303,C109,1976,Henan,7,4,1
5304,C109,1977,Henan,7,4,1
5305,C109,1978,Henan,7,4,1
5306,C109,1979,Henan,7,4,1
5307,C109,1980,Henan,7,4,1
5308,C109,1981,Henan,6,3,1
5309,C109,1982,Henan,6,3,1
5310,C109,1983,Henan,6,3,1
5311,C109,1984,Henan,7,3,1
5312,C109,1985,Henan,6,3,1
5313,C109,1986,Henan,6,3,1
5314,C109,1987,Henan,6,3,1
5315,C109,1988,Henan,7,3,1
5316,C109,1989,Henan,7,4,1
5317,C109,1990,Henan,7,4,1
5318,C109,1991,Henan,7,4,1
5319,C109,1992,Henan,7,4,1
5320,C109,1993,Henan,8,4,1
5321,C109,1994,Henan,8,4,1
5322,C109,1995,Henan,8,4,1
5323,C109,1996,Henan,8,5,1
5324,C109,1997,Henan,9,5,2
5325,C109,1998,Henan,9,5,1
5326,C109,1999,Henan,9,5,1
5327,C109,2000,Henan,9,5,2
5328,C109,2001,Henan,10,5,2
5329,C109,2002,Henan,10,5,2
5330,C109,2003,Henan,9,5,2
5331,C109,2004,Henan,9,6,1
5332,C109,2005,Henan,10,6,1
5333,C109,2006,Henan,10,6,1
5334,C109,2007,Henan,10,6,2
5335,C109,2008,Henan,10,6,2
5336,C109,2009,Henan,10,6,2
5337,C109,2010,Henan,10,6,2
5338,C109,2011,Henan,10,6,2
5339,C109,2012,Henan,11,7,2
5340,C109,2013,Henan,10,7,2
5439,C112,1965,Henan,2,1,1
5440,C112,1966,Henan,3,1,1
5441,C112,1967,Henan,3,1,1
5442,C112,1968,Henan,3,1,1
5443,C112,1969,Henan,4,1,1
5444,C112,1970,Henan,4,2,1
5445,C112,1971,Henan,4,2,1
5446,C112,1972,Henan,4,2,1
5447,C112,1973,Henan,5,2,1
5448,C112,1974,Henan,5,2,1
5449,C112,1975,Henan,6,3,1
5450,C112,1976,Henan,6,3,1
5451,C112,1977,Henan,6,3,1
5452,C112,1978,Henan,6,3,1
5453,C112,1979,Henan,6,3,1
5454,C112,1980,Henan,6,3,1
5455,C112,1981,Henan,5,3,1
5456,C112,1982,Henan,5,2,1
5457,C112,1983,Henan,5,3,1
5458,C112,1984,Henan,6,2,1
5459,C112,1985,Henan,5,3,1
5460,C112,1986,Henan,5,3,1
5461,C112,1987,Henan,5,3,1
5462,C112,1988,Henan,6,3,1
5463,C112,1989,Henan,6,3,1
5464,C112,1990,Henan,6,4,1
5465,C112,1991,Henan,6,4,1
5466,C112,1992,Henan,6,4,1
5467,C112,1993,Henan,6,4,1
5468,C112,1994,Henan,6,4,1
5469,C112,1995,Henan,6,4,1
5470,C112,1996,Henan,6,4,1
5471,C112,1997,Henan,7,4,1
5472,C112,1998,Henan,7,4,1
5473,C112,1999,Henan,6,5,1
5474,C112,2000,Henan,7,5,1
5475,C112,2001,Henan,6,5,1
5476,C112,2002,Henan,6,5,1
5477,C112,2003,Henan,6,5,1
5478,C112,2004,Henan,6,5,1
5479,C112,2005,Henan,6,5,1
5480,C112,2006,Henan,6,5,1
5481,C112,2007,Henan,6,5,1
5482,C112,2008,Henan,6,5,1
5483,C112,2009,Henan,6,5,1
5484,C112,2010,Henan,6,5,1
5485,C112,2011,Henan,6,5,1
5486,C112,2012,Henan,6,5,1
5487,C112,2013,Henan,5,5,1
10094,C207,1965,Neimeng,3,1,0
10095,C207,1966,Neimeng,3,1,0
10096,C207,1967,Neimeng,3,1,0
10097,C207,1968,Neimeng,3,1,0
10098,C207,1969,Neimeng,3,1,0
10099,C207,1970,Neimeng,3,1,0
10100,C207,1971,Neimeng,3,1,0
10101,C207,1972,Neimeng,3,1,0
10102,C207,1973,Neimeng,3,1,0
10103,C207,1974,Neimeng,3,1,0
10104,C207,1975,Neimeng,3,1,0
10105,C207,1976,Neimeng,4,1,0
10106,C207,1977,Neimeng,4,1,0
10107,C207,1978,Neimeng,4,1,0
10108,C207,1979,Neimeng,4,1,0
10109,C207,1980,Neimeng,3,1,0
10110,C207,1981,Neimeng,3,1,0
10111,C207,1982,Neimeng,3,1,0
10112,C207,1983,Neimeng,3,1,0
10113,C207,1984,Neimeng,3,1,0
10114,C207,1985,Neimeng,3,1,0
10115,C207,1986,Neimeng,3,1,0
10116,C207,1987,Neimeng,3,1,0
10117,C207,1988,Neimeng,3,1,0
10118,C207,1989,Neimeng,4,1,0
10119,C207,1990,Neimeng,4,1,0
10120,C207,1991,Neimeng,4,1,0
10121,C207,1992,Neimeng,5,2,0
10122,C207,1993,Neimeng,5,2,0
10123,C207,1994,Neimeng,5,2,0
10124,C207,1995,Neimeng,5,2,0
10125,C207,1996,Neimeng,5,2,0
10126,C207,1997,Neimeng,5,2,0
10127,C207,1998,Neimeng,5,3,0
10128,C207,1999,Neimeng,6,3,0
10129,C207,2000,Neimeng,5,3,0
10130,C207,2001,Neimeng,5,3,0
10131,C207,2002,Neimeng,5,3,0
10132,C207,2003,Neimeng,4,4,0
10133,C207,2004,Neimeng,5,4,0
10134,C207,2005,Neimeng,5,4,0
10135,C207,2006,Neimeng,5,4,0
10136,C207,2007,Neimeng,6,4,0
10137,C207,2008,Neimeng,4,5,0
10138,C207,2009,Neimeng,5,5,0
10139,C207,2010,Neimeng,6,5,0
10140,C207,2011,Neimeng,4,6,0
10141,C207,2012,Neimeng,6,6,0
10142,C207,2013,Neimeng,5,6,0
10143,C208,1965,Neimeng,1,1,0
10144,C208,1966,Neimeng,1,1,0
10145,C208,1967,Neimeng,1,1,0
10146,C208,1968,Neimeng,1,1,0
10147,C208,1969,Neimeng,1,1,0
10148,C208,1970,Neimeng,2,1,0
10149,C208,1971,Neimeng,1,1,0
10150,C208,1972,Neimeng,2,1,0
10151,C208,1973,Neimeng,2,1,0
10152,C208,1974,Neimeng,2,1,0
10153,C208,1975,Neimeng,2,1,0
10154,C208,1976,Neimeng,2,1,0
10155,C208,1977,Neimeng,2,1,0
10156,C208,1978,Neimeng,2,1,0
10157,C208,1979,Neimeng,2,1,0
10158,C208,1980,Neimeng,2,1,0
10159,C208,1981,Neimeng,2,1,0
10160,C208,1982,Neimeng,1,1,0
10161,C208,1983,Neimeng,2,1,0
10162,C208,1984,Neimeng,2,1,0
10163,C208,1985,Neimeng,2,1,0
10164,C208,1986,Neimeng,2,1,0
10165,C208,1987,Neimeng,2,1,0
10166,C208,1988,Neimeng,2,1,0
10167,C208,1989,Neimeng,2,1,0
10168,C208,1990,Neimeng,2,1,0
10169,C208,1991,Neimeng,2,1,0
10170,C208,1992,Neimeng,3,1,0
10171,C208,1993,Neimeng,3,1,0
10172,C208,1994,Neimeng,2,1,0
10173,C208,1995,Neimeng,2,2,0
10174,C208,1996,Neimeng,2,2,0
10175,C208,1997,Neimeng,3,2,0
10176,C208,1998,Neimeng,2,2,0
10177,C208,1999,Neimeng,2,2,0
10178,C208,2000,Neimeng,2,2,0
10179,C208,2001,Neimeng,2,3,0
10180,C208,2002,Neimeng,1,3,0
10181,C208,2003,Neimeng,1,3,0
10182,C208,2004,Neimeng,1,3,0
10183,C208,2005,Neimeng,2,3,0
10184,C208,2006,Neimeng,2,3,0
10185,C208,2007,Neimeng,2,4,0
10186,C208,2008,Neimeng,1,4,0
10187,C208,2009,Neimeng,2,4,0
10188,C208,2010,Neimeng,2,4,0
10189,C208,2011,Neimeng,2,4,0
10190,C208,2012,Neimeng,2,5,0
10191,C208,2013,Neimeng,2,5,0
10241,C210,1965,Neimeng,1,1,0
10242,C210,1966,Neimeng,1,1,0
10243,C210,1967,Neimeng,1,1,0
10244,C210,1968,Neimeng,1,1,0
10245,C210,1969,Neimeng,1,1,0
10246,C210,1970,Neimeng,1,1,0
10247,C210,1971,Neimeng,1,1,0
10248,C210,1972,Neimeng,1,1,0
10249,C210,1973,Neimeng,1,1,0
10250,C210,1974,Neimeng,1,1,0
10251,C210,1975,Neimeng,1,2,0
10252,C210,1976,Neimeng,1,2,0
10253,C210,1977,Neimeng,1,2,0
10254,C210,1978,Neimeng,1,2,0
10255,C210,1979,Neimeng,1,2,0
10256,C210,1980,Neimeng,1,1,0
10257,C210,1981,Neimeng,1,1,0
10258,C210,1982,Neimeng,1,1,0
10259,C210,1983,Neimeng,1,1,0
10260,C210,1984,Neimeng,1,1,0
10261,C210,1985,Neimeng,1,1,0
10262,C210,1986,Neimeng,1,1,0
10263,C210,1987,Neimeng,1,1,0
10264,C210,1988,Neimeng,1,2,0
10265,C210,1989,Neimeng,1,2,0
10266,C210,1990,Neimeng,1,2,0
10267,C210,1991,Neimeng,1,2,0
10268,C210,1992,Neimeng,1,2,0
10269,C210,1993,Neimeng,1,2,0
10270,C210,1994,Neimeng,1,2,0
10271,C210,1995,Neimeng,1,3,0
10272,C210,1996,Neimeng,1,3,0
10273,C210,1997,Neimeng,1,3,0
10274,C210,1998,Neimeng,1,4,0
10275,C210,1999,Neimeng,1,4,0
10276,C210,2000,Neimeng,1,4,0
10277,C210,2001,Neimeng,1,4,0
10278,C210,2002,Neimeng,1,5,0
10279,C210,2003,Neimeng,1,4,0
10280,C210,2004,Neimeng,1,6,0
10281,C210,2005,Neimeng,1,6,0
10282,C210,2006,Neimeng,1,6,0
10283,C210,2007,Neimeng,1,6,0
10284,C210,2008,Neimeng,1,7,0
10285,C210,2009,Neimeng,1,7,0
10286,C210,2010,Neimeng,1,8,0
10287,C210,2011,Neimeng,1,8,0
10288,C210,2012,Neimeng,1,8,0
10289,C210,2013,Neimeng,1,9,0
10290,C211,1965,Neimeng,1,1,0
10291,C211,1966,Neimeng,1,1,0
10292,C211,1967,Neimeng,1,1,0
10293,C211,1968,Neimeng,1,1,0
10294,C211,1969,Neimeng,1,1,0
10295,C211,1970,Neimeng,2,1,0
10296,C211,1971,Neimeng,2,1,0
10297,C211,1972,Neimeng,2,1,0
10298,C211,1973,Neimeng,2,1,0
10299,C211,1974,Neimeng,2,1,0
10300,C211,1975,Neimeng,2,1,0
10301,C211,1976,Neimeng,2,1,0
10302,C211,1977,Neimeng,2,1,0
10303,C211,1978,Neimeng,2,1,0
10304,C211,1979,Neimeng,2,1,0
10305,C211,1980,Neimeng,2,1,0
10306,C211,1981,Neimeng,2,1,0
10307,C211,1982,Neimeng,2,1,0
10308,C211,1983,Neimeng,2,1,0
10309,C211,1984,Neimeng,2,1,0
10310,C211,1985,Neimeng,2,1,0
10311,C211,1986,Neimeng,2,1,0
10312,C211,1987,Neimeng,2,1,0
10313,C211,1988,Neimeng,2,1,0
10314,C211,1989,Neimeng,2,1,0
10315,C211,1990,Neimeng,2,1,0
10316,C211,1991,Neimeng,2,2,0
10317,C211,1992,Neimeng,3,2,0
10318,C211,1993,Neimeng,3,2,0
10319,C211,1994,Neimeng,2,2,0
10320,C211,1995,Neimeng,2,2,0
10321,C211,1996,Neimeng,3,2,0
10322,C211,1997,Neimeng,3,3,0
10323,C211,1998,Neimeng,2,3,0
10324,C211,1999,Neimeng,2,3,0
10325,C211,2000,Neimeng,2,3,0
10326,C211,2001,Neimeng,2,4,0
10327,C211,2002,Neimeng,2,4,0
10328,C211,2003,Neimeng,1,4,0
10329,C211,2004,Neimeng,1,4,0
10330,C211,2005,Neimeng,2,5,0
10331,C211,2006,Neimeng,2,5,0
10332,C211,2007,Neimeng,2,6,0
10333,C211,2008,Neimeng,1,5,0
10334,C211,2009,Neimeng,2,6,0
10335,C211,2010,Neimeng,2,6,0
10336,C211,2011,Neimeng,2,6,0
10337,C211,2012,Neimeng,2,7,0
10338,C211,2013,Neimeng,2,7,0
10437,C214,1965,Neimeng,1,1,0
10438,C214,1966,Neimeng,1,1,0
10439,C214,1967,Neimeng,1,1,0
10440,C214,1968,Neimeng,1,1,0
10441,C214,1969,Neimeng,1,1,0
10442,C214,1970,Neimeng,1,1,0
10443,C214,1971,Neimeng,1,1,0
10444,C214,1972,Neimeng,1,1,0
10445,C214,1973,Neimeng,1,1,0
10446,C214,1974,Neimeng,1,1,0
10447,C214,1975,Neimeng,1,1,0
10448,C214,1976,Neimeng,1,1,0
10449,C214,1977,Neimeng,1,1,0
10450,C214,1978,Neimeng,1,1,0
10451,C214,1979,Neimeng,1,1,0
10452,C214,1980,Neimeng,1,1,0
10453,C214,1981,Neimeng,1,1,0
10454,C214,1982,Neimeng,1,1,0
10455,C214,1983,Neimeng,1,1,0
10456,C214,1984,Neimeng,1,1,0
10457,C214,1985,Neimeng,1,1,0
10458,C214,1986,Neimeng,1,1,0
10459,C214,1987,Neimeng,1,1,0
10460,C214,1988,Neimeng,1,1,0
10461,C214,1989,Neimeng,1,1,0
10462,C214,1990,Neimeng,1,1,0
10463,C214,1991,Neimeng,1,1,0
10464,C214,1992,Neimeng,1,1,0
10465,C214,1993,Neimeng,1,1,0
10466,C214,1994,Neimeng,1,1,0
10467,C214,1995,Neimeng,1,1,0
10468,C214,1996,Neimeng,1,1,0
10469,C214,1997,Neimeng,1,1,0
10470,C214,1998,Neimeng,1,1,0
10471,C214,1999,Neimeng,1,1,0
10472,C214,2000,Neimeng,1,1,0
10473,C214,2001,Neimeng,1,1,0
10474,C214,2002,Neimeng,1,1,0
10475,C214,2003,Neimeng,1,1,0
10476,C214,2004,Neimeng,1,1,0
10477,C214,2005,Neimeng,1,1,0
10478,C214,2006,Neimeng,1,1,0
10479,C214,2007,Neimeng,1,1,0
10480,C214,2008,Neimeng,1,1,0
10481,C214,2009,Neimeng,1,1,0
10482,C214,2010,Neimeng,1,1,0
10483,C214,2011,Neimeng,1,1,0
10484,C214,2012,Neimeng,1,1,0
10485,C214,2013,Neimeng,1,1,0
10486,C215,1965,Neimeng,2,1,0
10487,C215,1966,Neimeng,2,1,0
10488,C215,1967,Neimeng,2,1,0
10489,C215,1968,Neimeng,2,1,0
10490,C215,1969,Neimeng,2,1,0
10491,C215,1970,Neimeng,2,1,0
10492,C215,1971,Neimeng,2,1,0
10493,C215,1972,Neimeng,2,1,0
10494,C215,1973,Neimeng,2,1,0
10495,C215,1974,Neimeng,2,1,0
10496,C215,1975,Neimeng,3,1,0
10497,C215,1976,Neimeng,3,1,0
10498,C215,1977,Neimeng,3,1,0
10499,C215,1978,Neimeng,3,1,0
10500,C215,1979,Neimeng,3,1,0
10501,C215,1980,Neimeng,3,1,0
10502,C215,1981,Neimeng,2,1,0
10503,C215,1982,Neimeng,2,1,0
10504,C215,1983,Neimeng,2,1,0
10505,C215,1984,Neimeng,2,1,0
10506,C215,1985,Neimeng,2,1,0
10507,C215,1986,Neimeng,2,1,0
10508,C215,1987,Neimeng,3,1,0
10509,C215,1988,Neimeng,3,1,0
10510,C215,1989,Neimeng,3,1,0
10511,C215,1990,Neimeng,3,1,0
10512,C215,1991,Neimeng,4,1,0
10513,C215,1992,Neimeng,5,1,0
10514,C215,1993,Neimeng,5,1,0
10515,C215,1994,Neimeng,4,2,0
10516,C215,1995,Neimeng,4,2,0
10517,C215,1996,Neimeng,4,2,0
10518,C215,1997,Neimeng,4,2,0
10519,C215,1998,Neimeng,4,2,0
10520,C215,1999,Neimeng,4,3,0
10521,C215,2000,Neimeng,3,2,0
10522,C215,2001,Neimeng,2,3,0
10523,C215,2002,Neimeng,2,3,0
10524,C215,2003,Neimeng,2,3,0
10525,C215,2004,Neimeng,2,3,0
10526,C215,2005,Neimeng,2,4,0
10527,C215,2006,Neimeng,2,4,0
10528,C215,2007,Neimeng,3,4,0
10529,C215,2008,Neimeng,2,4,0
10530,C215,2009,Neimeng,2,4,0
10531,C215,2010,Neimeng,3,4,0
10532,C215,2011,Neimeng,2,4,0
10533,C215,2012,Neimeng,3,5,0
10534,C215,2013,Neimeng,2,5,0
10633,C218,1965,Ningxia,4,1,1
10634,C218,1966,Ningxia,3,1,1
10635,C218,1967,Ningxia,3,1,1
10636,C218,1968,Ningxia,3,1,1
10637,C218,1969,Ningxia,3,1,1
10638,C218,1970,Ningxia,3,1,1
10639,C218,1971,Ningxia,3,1,1
10640,C218,1972,Ningxia,3,1,1
10641,C218,1973,Ningxia,3,1,1
10642,C218,1974,Ningxia,4,1,1
10643,C218,1975,Ningxia,4,1,1
10644,C218,1976,Ningxia,4,1,1
10645,C218,1977,Ningxia,4,1,1
10646,C218,1978,Ningxia,4,1,1
10647,C218,1979,Ningxia,4,1,1
10648,C218,1980,Ningxia,4,1,1
10649,C218,1981,Ningxia,4,1,1
10650,C218,1982,Ningxia,4,1,1
10651,C218,1983,Ningxia,4,1,1
10652,C218,1984,Ningxia,4,1,1
10653,C218,1985,Ningxia,4,1,1
10654,C218,1986,Ningxia,4,1,1
10655,C218,1987,Ningxia,4,1,1
10656,C218,1988,Ningxia,4,1,1
10657,C218,1989,Ningxia,4,1,1
10658,C218,1990,Ningxia,4,1,1
10659,C218,1991,Ningxia,4,1,1
10660,C218,1992,Ningxia,3,1,1
10661,C218,1993,Ningxia,4,1,1
10662,C218,1994,Ningxia,4,1,1
10663,C218,1995,Ningxia,4,1,1
10664,C218,1996,Ningxia,4,1,1
10665,C218,1997,Ningxia,5,1,1
10666,C218,1998,Ningxia,5,1,1
10667,C218,1999,Ningxia,4,1,1
10668,C218,2000,Ningxia,5,1,1
10669,C218,2001,Ningxia,5,2,1
10670,C218,2002,Ningxia,6,2,1
10671,C218,2003,Ningxia,5,1,1
10672,C218,2004,Ningxia,4,1,1
10673,C218,2005,Ningxia,4,1,1
10674,C218,2006,Ningxia,4,1,1
10675,C218,2007,Ningxia,4,1,1
10676,C218,2008,Ningxia,3,1,1
10677,C218,2009,Ningxia,3,2,1
10678,C218,2010,Ningxia,3,2,1
10679,C218,2011,Ningxia,3,2,1
10680,C218,2012,Ningxia,3,2,1
10681,C218,2013,Ningxia,3,2,1
10682,C219,1965,Ningxia,1,1,1
10683,C219,1966,Ningxia,1,1,1
10684,C219,1967,Ningxia,1,1,1
10685,C219,1968,Ningxia,1,1,1
10686,C219,1969,Ningxia,1,1,1
10687,C219,1970,Ningxia,1,1,1
10688,C219,1971,Ningxia,1,1,1
10689,C219,1972,Ningxia,1,1,1
10690,C219,1973,Ningxia,1,1,1
10691,C219,1974,Ningxia,1,1,1
10692,C219,1975,Ningxia,1,1,1
10693,C219,1976,Ningxia,1,1,1
10694,C219,1977,Ningxia,1,1,1
10695,C219,1978,Ningxia,1,1,1
10696,C219,1979,Ningxia,1,1,1
10697,C219,1980,Ningxia,1,1,1
10698,C219,1981,Ningxia,1,1,1
10699,C219,1982,Ningxia,1,1,1
10700,C219,1983,Ningxia,1,1,1
10701,C219,1984,Ningxia,1,1,1
10702,C219,1985,Ningxia,1,1,1
10703,C219,1986,Ningxia,1,1,1
10704,C219,1987,Ningxia,1,1,1
10705,C219,1988,Ningxia,1,1,1
10706,C219,1989,Ningxia,1,1,1
10707,C219,1990,Ningxia,1,1,1
10708,C219,1991,Ningxia,1,1,1
10709,C219,1992,Ningxia,1,1,1
10710,C219,1993,Ningxia,1,1,1
10711,C219,1994,Ningxia,1,1,1
10712,C219,1995,Ningxia,1,1,1
10713,C219,1996,Ningxia,1,1,1
10714,C219,1997,Ningxia,1,1,1
10715,C219,1998,Ningxia,2,1,1
10716,C219,1999,Ningxia,1,1,1
10717,C219,2000,Ningxia,2,1,1
10718,C219,2001,Ningxia,2,1,1
10719,C219,2002,Ningxia,2,1,1
10720,C219,2003,Ningxia,1,1,1
10721,C219,2004,Ningxia,1,1,1
10722,C219,2005,Ningxia,2,1,1
10723,C219,2006,Ningxia,2,1,1
10724,C219,2007,Ningxia,1,1,1
10725,C219,2008,Ningxia,1,2,1
10726,C219,2009,Ningxia,1,2,1
10727,C219,2010,Ningxia,1,2,1
10728,C219,2011,Ningxia,1,2,1
10729,C219,2012,Ningxia,1,2,1
10730,C219,2013,Ningxia,1,2,1
10731,C220,1965,Ningxia,2,1,1
10732,C220,1966,Ningxia,2,1,1
10733,C220,1967,Ningxia,2,1,1
10734,C220,1968,Ningxia,2,1,1
10735,C220,1969,Ningxia,2,1,1
10736,C220,1970,Ningxia,2,1,1
10737,C220,1971,Ningxia,2,1,1
10738,C220,1972,Ningxia,2,1,1
10739,C220,1973,Ningxia,2,1,1
10740,C220,1974,Ningxia,2,1,1
10741,C220,1975,Ningxia,2,1,1
10742,C220,1976,Ningxia,2,1,1
10743,C220,1977,Ningxia,2,1,1
10744,C220,1978,Ningxia,2,1,1
10745,C220,1979,Ningxia,2,1,1
10746,C220,1980,Ningxia,2,1,1
10747,C220,1981,Ningxia,2,1,1
10748,C220,1982,Ningxia,2,1,1
10749,C220,1983,Ningxia,2,1,1
10750,C220,1984,Ningxia,3,1,1
10751,C220,1985,Ningxia,2,1,1
10752,C220,1986,Ningxia,2,1,1
10753,C220,1987,Ningxia,2,1,1
10754,C220,1988,Ningxia,2,1,1
10755,C220,1989,Ningxia,3,1,1
10756,C220,1990,Ningxia,3,1,1
10757,C220,1991,Ningxia,3,1,1
10758,C220,1992,Ningxia,2,1,1
10759,C220,1993,Ningxia,3,1,1
10760,C220,1994,Ningxia,2,1,1
10761,C220,1995,Ningxia,2,1,1
10762,C220,1996,Ningxia,2,1,1
10763,C220,1997,Ningxia,3,2,1
10764,C220,1998,Ningxia,4,2,1
10765,C220,1999,Ningxia,3,2,1
10766,C220,2000,Ningxia,3,2,2
10767,C220,2001,Ningxia,3,2,2
10768,C220,2002,Ningxia,4,2,1
10769,C220,2003,Ningxia,3,2,1
10770,C220,2004,Ningxia,2,2,1
10771,C220,2005,Ningxia,2,3,1
10772,C220,2006,Ningxia,2,3,1
10773,C220,2007,Ningxia,2,3,1
10774,C220,2008,Ningxia,2,3,1
10775,C220,2009,Ningxia,2,3,1
10776,C220,2010,Ningxia,2,3,1
10777,C220,2011,Ningxia,2,3,1
10778,C220,2012,Ningxia,2,3,1
10779,C220,2013,Ningxia,2,3,1
10780,C221,1965,Ningxia,1,1,1
10781,C221,1966,Ningxia,1,1,1
10782,C221,1967,Ningxia,1,1,1
10783,C221,1968,Ningxia,1,1,1
10784,C221,1969,Ningxia,1,1,1
10785,C221,1970,Ningxia,1,1,1
10786,C221,1971,Ningxia,1,1,1
10787,C221,1972,Ningxia,1,1,1
10788,C221,1973,Ningxia,1,1,1
10789,C221,1974,Ningxia,1,1,1
10790,C221,1975,Ningxia,1,1,1
10791,C221,1976,Ningxia,1,1,1
10792,C221,1977,Ningxia,1,1,1
10793,C221,1978,Ningxia,1,1,1
10794,C221,1979,Ningxia,1,1,1
10795,C221,1980,Ningxia,1,1,1
10796,C221,1981,Ningxia,1,1,1
10797,C221,1982,Ningxia,1,1,1
10798,C221,1983,Ningxia,1,1,1
10799,C221,1984,Ningxia,1,1,1
10800,C221,1985,Ningxia,1,1,1
10801,C221,1986,Ningxia,1,1,1
10802,C221,1987,Ningxia,1,1,1
10803,C221,1988,Ningxia,1,1,1
10804,C221,1989,Ningxia,1,1,1
10805,C221,1990,Ningxia,1,1,1
10806,C221,1991,Ningxia,1,1,1
10807,C221,1992,Ningxia,1,1,1
10808,C221,1993,Ningxia,1,1,1
10809,C221,1994,Ningxia,1,1,1
10810,C221,1995,Ningxia,1,1,1
10811,C221,1996,Ningxia,1,1,1
10812,C221,1997,Ningxia,2,1,1
10813,C221,1998,Ningxia,1,1,1
10814,C221,1999,Ningxia,1,1,1
10815,C221,2000,Ningxia,2,1,1
10816,C221,2001,Ningxia,2,1,1
10817,C221,2002,Ningxia,2,2,2
10818,C221,2003,Ningxia,2,2,1
10819,C221,2004,Ningxia,2,2,1
10820,C221,2005,Ningxia,2,2,2
10821,C221,2006,Ningxia,2,2,2
10822,C221,2007,Ningxia,1,2,2
10823,C221,2008,Ningxia,2,2,2
10824,C221,2009,Ningxia,2,2,2
10825,C221,2010,Ningxia,1,2,2
10826,C221,2011,Ningxia,1,2,2
10827,C221,2012,Ningxia,1,2,2
10828,C221,2013,Ningxia,1,2,2
10829,C222,1965,Ningxia,1,1,1
10830,C222,1966,Ningxia,1,1,1
10831,C222,1967,Ningxia,1,1,1
10832,C222,1968,Ningxia,1,1,1
10833,C222,1969,Ningxia,1,1,1
10834,C222,1970,Ningxia,1,1,1
10835,C222,1971,Ningxia,1,1,1
10836,C222,1972,Ningxia,1,1,1
10837,C222,1973,Ningxia,1,1,1
10838,C222,1974,Ningxia,1,1,1
10839,C222,1975,Ningxia,1,1,1
10840,C222,1976,Ningxia,1,1,1
10841,C222,1977,Ningxia,1,1,1
10842,C222,1978,Ningxia,1,1,1
10843,C222,1979,Ningxia,1,1,1
10844,C222,1980,Ningxia,1,1,1
10845,C222,1981,Ningxia,1,1,1
10846,C222,1982,Ningxia,1,1,1
10847,C222,1983,Ningxia,1,1,1
10848,C222,1984,Ningxia,1,1,1
10849,C222,1985,Ningxia,1,1,1
10850,C222,1986,Ningxia,1,1,1
10851,C222,1987,Ningxia,1,1,1
10852,C222,1988,Ningxia,1,1,1
10853,C222,1989,Ningxia,1,1,1
10854,C222,1990,Ningxia,1,1,1
10855,C222,1991,Ningxia,1,1,1
10856,C222,1992,Ningxia,1,1,1
10857,C222,1993,Ningxia,1,1,1
10858,C222,1994,Ningxia,1,1,1
10859,C222,1995,Ningxia,1,1,1
10860,C222,1996,Ningxia,1,1,1
10861,C222,1997,Ningxia,1,1,1
10862,C222,1998,Ningxia,1,1,1
10863,C222,1999,Ningxia,1,1,1
10864,C222,2000,Ningxia,1,1,1
10865,C222,2001,Ningxia,1,1,1
10866,C222,2002,Ningxia,1,1,1
10867,C222,2003,Ningxia,1,1,1
10868,C222,2004,Ningxia,2,1,1
10869,C222,2005,Ningxia,2,1,1
10870,C222,2006,Ningxia,1,1,1
10871,C222,2007,Ningxia,2,2,1
10872,C222,2008,Ningxia,2,2,1
10873,C222,2009,Ningxia,1,2,1
10874,C222,2010,Ningxia,1,2,1
10875,C222,2011,Ningxia,1,2,1
10876,C222,2012,Ningxia,1,2,1
10877,C222,2013,Ningxia,1,2,1
10878,C223,1965,Qinghai,1,0,0
10879,C223,1966,Qinghai,1,0,0
10880,C223,1967,Qinghai,1,0,0
10881,C223,1968,Qinghai,1,0,0
10882,C223,1969,Qinghai,1,0,0
10883,C223,1970,Qinghai,1,0,0
10884,C223,1971,Qinghai,1,0,0
10885,C223,1972,Qinghai,1,0,0
10886,C223,1973,Qinghai,1,0,0
10887,C223,1974,Qinghai,1,0,0
10888,C223,1975,Qinghai,1,0,0
10889,C223,1976,Qinghai,1,0,0
10890,C223,1977,Qinghai,1,0,0
10891,C223,1978,Qinghai,1,0,0
10892,C223,1979,Qinghai,1,0,0
10893,C223,1980,Qinghai,1,0,0
10894,C223,1981,Qinghai,1,0,0
10895,C223,1982,Qinghai,1,0,0
10896,C223,1983,Qinghai,1,0,0
10897,C223,1984,Qinghai,1,0,0
10898,C223,1985,Qinghai,1,0,0
10899,C223,1986,Qinghai,1,0,0
10900,C223,1987,Qinghai,1,0,0
10901,C223,1988,Qinghai,1,0,0
10902,C223,1989,Qinghai,1,0,0
10903,C223,1990,Qinghai,1,0,0
10904,C223,1991,Qinghai,1,0,0
10905,C223,1992,Qinghai,1,0,0
10906,C223,1993,Qinghai,1,0,0
10907,C223,1994,Qinghai,1,0,0
10908,C223,1995,Qinghai,1,0,0
10909,C223,1996,Qinghai,1,0,0
10910,C223,1997,Qinghai,1,0,0
10911,C223,1998,Qinghai,1,0,0
10912,C223,1999,Qinghai,1,0,0
10913,C223,2000,Qinghai,1,0,0
10914,C223,2001,Qinghai,1,0,0
10915,C223,2002,Qinghai,1,0,0
10916,C223,2003,Qinghai,1,0,0
10917,C223,2004,Qinghai,1,0,0
10918,C223,2005,Qinghai,1,0,0
10919,C223,2006,Qinghai,1,0,0
10920,C223,2007,Qinghai,1,0,0
10921,C223,2008,Qinghai,1,0,0
10922,C223,2009,Qinghai,1,0,0
10923,C223,2010,Qinghai,1,0,0
10924,C223,2011,Qinghai,1,0,0
10925,C223,2012,Qinghai,1,0,0
10926,C223,2013,Qinghai,1,0,0
10927,C224,1965,Qinghai,1,0,0
10928,C224,1966,Qinghai,1,0,0
10929,C224,1967,Qinghai,1,0,0
10930,C224,1968,Qinghai,1,0,0
10931,C224,1969,Qinghai,1,0,0
10932,C224,1970,Qinghai,1,0,0
10933,C224,1971,Qinghai,1,0,0
10934,C224,1972,Qinghai,1,0,0
10935,C224,1973,Qinghai,1,0,0
10936,C224,1974,Qinghai,1,0,0
10937,C224,1975,Qinghai,1,0,0
10938,C224,1976,Qinghai,1,0,0
10939,C224,1977,Qinghai,1,0,0
10940,C224,1978,Qinghai,1,0,0
10941,C224,1979,Qinghai,1,0,0
10942,C224,1980,Qinghai,1,0,0
10943,C224,1981,Qinghai,1,0,0
10944,C224,1982,Qinghai,1,0,0
10945,C224,1983,Qinghai,1,0,0
10946,C224,1984,Qinghai,1,0,0
10947,C224,1985,Qinghai,1,0,0
10948,C224,1986,Qinghai,1,0,0
10949,C224,1987,Qinghai,1,0,0
10950,C224,1988,Qinghai,1,0,0
10951,C224,1989,Qinghai,1,0,0
10952,C224,1990,Qinghai,1,0,0
10953,C224,1991,Qinghai,1,0,0
10954,C224,1992,Qinghai,1,0,0
10955,C224,1993,Qinghai,1,0,0
10956,C224,1994,Qinghai,1,0,0
10957,C224,1995,Qinghai,1,0,0
10958,C224,1996,Qinghai,1,0,0
10959,C224,1997,Qinghai,1,0,0
10960,C224,1998,Qinghai,1,0,0
10961,C224,1999,Qinghai,1,0,0
10962,C224,2000,Qinghai,1,0,0
10963,C224,2001,Qinghai,1,0,0
10964,C224,2002,Qinghai,1,0,0
10965,C224,2003,Qinghai,1,0,0
10966,C224,2004,Qinghai,1,0,0
10967,C224,2005,Qinghai,1,0,0
10968,C224,2006,Qinghai,1,0,0
10969,C224,2007,Qinghai,1,0,0
10970,C224,2008,Qinghai,1,0,0
10971,C224,2009,Qinghai,1,0,0
10972,C224,2010,Qinghai,1,0,0
10973,C224,2011,Qinghai,1,0,0
10974,C224,2012,Qinghai,1,0,0
10975,C224,2013,Qinghai,1,0,0
10976,C225,1965,Qinghai,1,0,0
10977,C225,1966,Qinghai,1,0,0
10978,C225,1967,Qinghai,1,0,0
10979,C225,1968,Qinghai,1,0,0
10980,C225,1969,Qinghai,1,0,0
10981,C225,1970,Qinghai,1,0,0
10982,C225,1971,Qinghai,1,0,0
10983,C225,1972,Qinghai,1,0,0
10984,C225,1973,Qinghai,1,0,0
10985,C225,1974,Qinghai,1,0,0
10986,C225,1975,Qinghai,2,0,0
10987,C225,1976,Qinghai,2,0,0
10988,C225,1977,Qinghai,2,0,0
10989,C225,1978,Qinghai,2,0,0
10990,C225,1979,Qinghai,2,0,0
10991,C225,1980,Qinghai,2,0,0
10992,C225,1981,Qinghai,2,0,0
10993,C225,1982,Qinghai,2,0,0
10994,C225,1983,Qinghai,2,0,0
10995,C225,1984,Qinghai,2,0,0
10996,C225,1985,Qinghai,2,0,0
10997,C225,1986,Qinghai,2,0,0
10998,C225,1987,Qinghai,2,0,0
10999,C225,1988,Qinghai,2,0,0
11000,C225,1989,Qinghai,2,0,0
11001,C225,1990,Qinghai,2,0,0
11002,C225,1991,Qinghai,2,0,0
11003,C225,1992,Qinghai,2,0,0
11004,C225,1993,Qinghai,2,0,0
11005,C225,1994,Qinghai,2,0,0
11006,C225,1995,Qinghai,2,0,0
11007,C225,1996,Qinghai,2,0,0
11008,C225,1997,Qinghai,2,0,0
11009,C225,1998,Qinghai,2,0,0
11010,C225,1999,Qinghai,2,0,0
11011,C225,2000,Qinghai,2,0,0
11012,C225,2001,Qinghai,1,0,0
11013,C225,2002,Qinghai,1,0,0
11014,C225,2003,Qinghai,1,0,0
11015,C225,2004,Qinghai,1,0,0
11016,C225,2005,Qinghai,1,0,0
11017,C225,2006,Qinghai,1,0,0
11018,C225,2007,Qinghai,1,0,0
11019,C225,2008,Qinghai,1,0,0
11020,C225,2009,Qinghai,1,0,0
11021,C225,2010,Qinghai,1,0,0
11022,C225,2011,Qinghai,1,0,0
11023,C225,2012,Qinghai,1,0,0
11024,C225,2013,Qinghai,1,0,0
11025,C226,1965,Qinghai,1,0,0
11026,C226,1966,Qinghai,1,0,0
11027,C226,1967,Qinghai,1,0,0
11028,C226,1968,Qinghai,1,0,0
11029,C226,1969,Qinghai,1,0,0
11030,C226,1970,Qinghai,1,0,0
11031,C226,1971,Qinghai,1,0,0
11032,C226,1972,Qinghai,1,0,0
11033,C226,1973,Qinghai,1,0,0
11034,C226,1974,Qinghai,1,0,0
11035,C226,1975,Qinghai,2,0,0
11036,C226,1976,Qinghai,2,0,0
11037,C226,1977,Qinghai,2,0,0
11038,C226,1978,Qinghai,2,0,0
11039,C226,1979,Qinghai,2,0,0
11040,C226,1980,Qinghai,2,0,0
11041,C226,1981,Qinghai,2,0,0
11042,C226,1982,Qinghai,2,0,0
11043,C226,1983,Qinghai,2,0,0
11044,C226,1984,Qinghai,2,0,0
11045,C226,1985,Qinghai,2,0,0
11046,C226,1986,Qinghai,2,0,0
11047,C226,1987,Qinghai,2,0,0
11048,C226,1988,Qinghai,2,0,0
11049,C226,1989,Qinghai,2,0,0
11050,C226,1990,Qinghai,2,0,0
11051,C226,1991,Qinghai,2,0,0
11052,C226,1992,Qinghai,2,0,0
11053,C226,1993,Qinghai,2,0,0
11054,C226,1994,Qinghai,2,0,0
11055,C226,1995,Qinghai,2,0,0
11056,C226,1996,Qinghai,2,0,0
11057,C226,1997,Qinghai,2,0,0
11058,C226,1998,Qinghai,2,0,0
11059,C226,1999,Qinghai,2,0,0
11060,C226,2000,Qinghai,2,0,0
11061,C226,2001,Qinghai,1,0,0
11062,C226,2002,Qinghai,1,0,0
11063,C226,2003,Qinghai,1,0,0
11064,C226,2004,Qinghai,1,0,0
11065,C226,2005,Qinghai,1,0,0
11066,C226,2006,Qinghai,1,0,0
11067,C226,2007,Qinghai,1,0,0
11068,C226,2008,Qinghai,1,0,0
11069,C226,2009,Qinghai,1,0,0
11070,C226,2010,Qinghai,1,0,0
11071,C226,2011,Qinghai,1,0,0
11072,C226,2012,Qinghai,1,0,0
11073,C226,2013,Qinghai,1,0,0
11123,C228,1965,Qinghai,1,0,0
11124,C228,1966,Qinghai,1,0,0
11125,C228,1967,Qinghai,1,0,0
11126,C228,1968,Qinghai,1,0,0
11127,C228,1969,Qinghai,1,0,0
11128,C228,1970,Qinghai,1,0,0
11129,C228,1971,Qinghai,1,0,0
11130,C228,1972,Qinghai,1,0,0
11131,C228,1973,Qinghai,1,0,0
11132,C228,1974,Qinghai,1,0,0
11133,C228,1975,Qinghai,1,0,0
11134,C228,1976,Qinghai,1,0,0
11135,C228,1977,Qinghai,1,0,0
11136,C228,1978,Qinghai,1,0,0
11137,C228,1979,Qinghai,1,0,0
11138,C228,1980,Qinghai,1,0,0
11139,C228,1981,Qinghai,1,0,0
11140,C228,1982,Qinghai,1,0,0
11141,C228,1983,Qinghai,1,0,0
11142,C228,1984,Qinghai,1,0,0
11143,C228,1985,Qinghai,1,0,0
11144,C228,1986,Qinghai,1,0,0
11145,C228,1987,Qinghai,1,0,0
11146,C228,1988,Qinghai,1,0,0
11147,C228,1989,Qinghai,1,0,0
11148,C228,1990,Qinghai,1,0,0
11149,C228,1991,Qinghai,1,0,0
11150,C228,1992,Qinghai,1,0,0
11151,C228,1993,Qinghai,1,0,0
11152,C228,1994,Qinghai,1,0,0
11153,C228,1995,Qinghai,1,0,0
11154,C228,1996,Qinghai,1,0,0
11155,C228,1997,Qinghai,1,0,0
11156,C228,1998,Qinghai,1,0,0
11157,C228,1999,Qinghai,1,0,0
11158,C228,2000,Qinghai,1,0,0
11159,C228,2001,Qinghai,1,0,0
11160,C228,2002,Qinghai,1,0,0
11161,C228,2003,Qinghai,1,0,0
11162,C228,2004,Qinghai,1,0,0
11163,C228,2005,Qinghai,1,0,0
11164,C228,2006,Qinghai,1,0,0
11165,C228,2007,Qinghai,1,0,0
11166,C228,2008,Qinghai,1,0,0
11167,C228,2009,Qinghai,1,0,0
11168,C228,2010,Qinghai,1,0,0
11169,C228,2011,Qinghai,1,0,0
11170,C228,2012,Qinghai,1,0,0
11171,C228,2013,Qinghai,1,0,0
11172,C229,1965,Qinghai,2,0,0
11173,C229,1966,Qinghai,2,0,0
11174,C229,1967,Qinghai,2,0,0
11175,C229,1968,Qinghai,2,0,0
11176,C229,1969,Qinghai,2,0,0
11177,C229,1970,Qinghai,2,0,0
11178,C229,1971,Qinghai,2,0,0
11179,C229,1972,Qinghai,2,0,0
11180,C229,1973,Qinghai,2,0,0
11181,C229,1974,Qinghai,2,0,0
11182,C229,1975,Qinghai,3,0,0
11183,C229,1976,Qinghai,3,0,0
11184,C229,1977,Qinghai,3,0,0
11185,C229,1978,Qinghai,3,0,0
11186,C229,1979,Qinghai,3,0,0
11187,C229,1980,Qinghai,3,0,0
11188,C229,1981,Qinghai,3,0,0
11189,C229,1982,Qinghai,3,0,0
11190,C229,1983,Qinghai,3,0,0
11191,C229,1984,Qinghai,3,0,0
11192,C229,1985,Qinghai,3,0,0
11193,C229,1986,Qinghai,3,0,0
11194,C229,1987,Qinghai,3,0,0
11195,C229,1988,Qinghai,3,0,0
11196,C229,1989,Qinghai,3,0,0
11197,C229,1990,Qinghai,3,0,0
11198,C229,1991,Qinghai,3,0,0
11199,C229,1992,Qinghai,3,0,0
11200,C229,1993,Qinghai,3,0,0
11201,C229,1994,Qinghai,3,0,0
11202,C229,1995,Qinghai,3,0,0
11203,C229,1996,Qinghai,3,0,0
11204,C229,1997,Qinghai,3,0,0
11205,C229,1998,Qinghai,3,0,0
11206,C229,1999,Qinghai,3,0,0
11207,C229,2000,Qinghai,3,0,0
11208,C229,2001,Qinghai,3,0,0
11209,C229,2002,Qinghai,3,0,0
11210,C229,2003,Qinghai,2,0,0
11211,C229,2004,Qinghai,2,0,0
11212,C229,2005,Qinghai,2,0,0
11213,C229,2006,Qinghai,2,0,0
11214,C229,2007,Qinghai,2,0,0
11215,C229,2008,Qinghai,2,0,0
11216,C229,2009,Qinghai,2,0,0
11217,C229,2010,Qinghai,2,0,0
11218,C229,2011,Qinghai,2,0,0
11219,C229,2012,Qinghai,2,0,0
11220,C229,2013,Qinghai,2,0,0
11221,C230,1965,Qinghai,1,0,0
11222,C230,1966,Qinghai,1,0,0
11223,C230,1967,Qinghai,1,0,0
11224,C230,1968,Qinghai,1,0,0
11225,C230,1969,Qinghai,1,0,0
11226,C230,1970,Qinghai,1,0,0
11227,C230,1971,Qinghai,1,0,0
11228,C230,1972,Qinghai,1,0,0
11229,C230,1973,Qinghai,1,0,0
11230,C230,1974,Qinghai,1,0,0
11231,C230,1975,Qinghai,1,0,0
11232,C230,1976,Qinghai,1,0,0
11233,C230,1977,Qinghai,1,0,0
11234,C230,1978,Qinghai,1,0,0
11235,C230,1979,Qinghai,1,0,0
11236,C230,1980,Qinghai,1,0,0
11237,C230,1981,Qinghai,1,0,0
11238,C230,1982,Qinghai,1,0,0
11239,C230,1983,Qinghai,1,0,0
11240,C230,1984,Qinghai,1,0,0
11241,C230,1985,Qinghai,1,0,0
11242,C230,1986,Qinghai,1,0,0
11243,C230,1987,Qinghai,1,0,0
11244,C230,1988,Qinghai,1,0,0
11245,C230,1989,Qinghai,1,0,0
11246,C230,1990,Qinghai,1,0,0
11247,C230,1991,Qinghai,1,0,0
11248,C230,1992,Qinghai,1,0,0
11249,C230,1993,Qinghai,1,0,0
11250,C230,1994,Qinghai,1,0,0
11251,C230,1995,Qinghai,1,0,0
11252,C230,1996,Qinghai,1,0,0
11253,C230,1997,Qinghai,1,0,0
11254,C230,1998,Qinghai,1,0,0
11255,C230,1999,Qinghai,1,0,0
11256,C230,2000,Qinghai,1,0,0
11257,C230,2001,Qinghai,1,0,0
11258,C230,2002,Qinghai,1,0,0
11259,C230,2003,Qinghai,1,0,0
11260,C230,2004,Qinghai,1,0,0
11261,C230,2005,Qinghai,1,0,0
11262,C230,2006,Qinghai,1,0,0
11263,C230,2007,Qinghai,1,0,0
11264,C230,2008,Qinghai,1,0,0
11265,C230,2009,Qinghai,1,0,0
11266,C230,2010,Qinghai,1,0,0
11267,C230,2011,Qinghai,1,0,0
11268,C230,2012,Qinghai,1,0,0
11269,C230,2013,Qinghai,1,0,0
11270,C231,1965,Shandong,3,1,1
11271,C231,1966,Shandong,3,2,1
11272,C231,1967,Shandong,4,2,1
11273,C231,1968,Shandong,4,2,1
11274,C231,1969,Shandong,4,2,1
11275,C231,1970,Shandong,4,2,1
11276,C231,1971,Shandong,5,2,1
11277,C231,1972,Shandong,6,3,1
11278,C231,1973,Shandong,6,3,1
11279,C231,1974,Shandong,7,3,1
11280,C231,1975,Shandong,7,3,1
11281,C231,1976,Shandong,8,4,1
11282,C231,1977,Shandong,8,5,1
11283,C231,1978,Shandong,8,5,1
11284,C231,1979,Shandong,8,5,1
11285,C231,1980,Shandong,8,5,1
11286,C231,1981,Shandong,8,5,1
11287,C231,1982,Shandong,8,5,1
11288,C231,1983,Shandong,8,5,1
11289,C231,1984,Shandong,8,5,1
11290,C231,1985,Shandong,9,5,1
11291,C231,1986,Shandong,9,5,1
11292,C231,1987,Shandong,8,5,1
11293,C231,1988,Shandong,8,5,1
11294,C231,1989,Shandong,8,5,1
11295,C231,1990,Shandong,9,5,1
11296,C231,1991,Shandong,9,5,1
11297,C231,1992,Shandong,9,5,1
11298,C231,1993,Shandong,9,7,1
11299,C231,1994,Shandong,9,7,1
11300,C231,1995,Shandong,9,7,1
11301,C231,1996,Shandong,9,8,1
11302,C231,1997,Shandong,9,7,1
11303,C231,1998,Shandong,9,8,1
11304,C231,1999,Shandong,8,6,1
11305,C231,2000,Shandong,8,7,1
11306,C231,2001,Shandong,8,7,1
11307,C231,2002,Shandong,8,7,1
11308,C231,2003,Shandong,7,6,1
11309,C231,2004,Shandong,6,5,1
11310,C231,2005,Shandong,6,7,1
11311,C231,2006,Shandong,7,7,1
11312,C231,2007,Shandong,7,7,1
11313,C231,2008,Shandong,7,7,1
11314,C231,2009,Shandong,7,7,1
11315,C231,2010,Shandong,8,6,1
11316,C231,2011,Shandong,8,7,1
11317,C231,2012,Shandong,8,7,1
11318,C231,2013,Shandong,9,7,1
11319,C232,1965,Shandong,5,2,1
11320,C232,1966,Shandong,5,3,1
11321,C232,1967,Shandong,6,3,1
11322,C232,1968,Shandong,6,3,1
11323,C232,1969,Shandong,7,3,1
11324,C232,1970,Shandong,7,3,1
11325,C232,1971,Shandong,8,4,1
11326,C232,1972,Shandong,9,4,1
11327,C232,1973,Shandong,9,4,1
11328,C232,1974,Shandong,10,5,1
11329,C232,1975,Shandong,10,6,1
11330,C232,1976,Shandong,12,7,1
11331,C232,1977,Shandong,12,7,1
11332,C232,1978,Shandong,12,8,1
11333,C232,1979,Shandong,13,8,1
11334,C232,1980,Shandong,12,8,1
11335,C232,1981,Shandong,12,8,1
11336,C232,1982,Shandong,12,8,1
11337,C232,1983,Shandong,12,8,1
11338,C232,1984,Shandong,13,8,1
11339,C232,1985,Shandong,13,8,1
11340,C232,1986,Shandong,13,8,1
11341,C232,1987,Shandong,13,8,1
11342,C232,1988,Shandong,12,8,1
11343,C232,1989,Shandong,12,8,1
11344,C232,1990,Shandong,13,8,1
11345,C232,1991,Shandong,13,8,1
11346,C232,1992,Shandong,13,8,1
11347,C232,1993,Shandong,13,8,1
11348,C232,1994,Shandong,12,8,1
11349,C232,1995,Shandong,11,9,1
11350,C232,1996,Shandong,12,10,1
11351,C232,1997,Shandong,12,10,1
11352,C232,1998,Shandong,12,9,1
11353,C232,1999,Shandong,13,10,1
11354,C232,2000,Shandong,11,8,1
11355,C232,2001,Shandong,11,8,1
11356,C232,2002,Shandong,11,8,1
11357,C232,2003,Shandong,10,9,1
11358,C232,2004,Shandong,9,10,1
11359,C232,2005,Shandong,11,10,1
11360,C232,2006,Shandong,13,12,1
11361,C232,2007,Shandong,14,13,1
11362,C232,2008,Shandong,14,13,1
11363,C232,2009,Shandong,15,14,1
11364,C232,2010,Shandong,13,10,1
11365,C232,2011,Shandong,15,14,1
11366,C232,2012,Shandong,14,13,1
11367,C232,2013,Shandong,13,11,1
11368,C233,1965,Shandong,2,1,1
11369,C233,1966,Shandong,2,1,1
11370,C233,1967,Shandong,2,1,1
11371,C233,1968,Shandong,2,1,1
11372,C233,1969,Shandong,2,1,1
11373,C233,1970,Shandong,2,1,1
11374,C233,1971,Shandong,2,1,1
11375,C233,1972,Shandong,3,1,1
11376,C233,1973,Shandong,3,1,1
11377,C233,1974,Shandong,3,1,1
11378,C233,1975,Shandong,3,1,1
11379,C233,1976,Shandong,3,2,1
11380,C233,1977,Shandong,3,2,1
11381,C233,1978,Shandong,4,2,1
11382,C233,1979,Shandong,4,2,1
11383,C233,1980,Shandong,4,2,1
11384,C233,1981,Shandong,3,2,1
11385,C233,1982,Shandong,3,2,1
11386,C233,1983,Shandong,4,2,1
11387,C233,1984,Shandong,4,2,1
11388,C233,1985,Shandong,4,2,1
11389,C233,1986,Shandong,4,2,1
11390,C233,1987,Shandong,4,2,1
11391,C233,1988,Shandong,4,2,1
11392,C233,1989,Shandong,4,2,1
11393,C233,1990,Shandong,4,2,1
11394,C233,1991,Shandong,4,2,1
11395,C233,1992,Shandong,4,2,1
11396,C233,1993,Shandong,4,2,1
11397,C233,1994,Shandong,4,2,1
11398,C233,1995,Shandong,4,2,1
11399,C233,1996,Shandong,4,2,1
11400,C233,1997,Shandong,4,2,1
11401,C233,1998,Shandong,4,2,1
11402,C233,1999,Shandong,4,2,1
11403,C233,2000,Shandong,4,2,1
11404,C233,2001,Shandong,4,2,1
11405,C233,2002,Shandong,3,2,1
11406,C233,2003,Shandong,2,2,1
11407,C233,2004,Shandong,2,2,1
11408,C233,2005,Shandong,2,2,1
11409,C233,2006,Shandong,2,2,1
11410,C233,2007,Shandong,2,2,1
11411,C233,2008,Shandong,2,2,1
11412,C233,2009,Shandong,2,2,1
11413,C233,2010,Shandong,2,2,1
11414,C233,2011,Shandong,2,2,1
11415,C233,2012,Shandong,2,2,1
11416,C233,2013,Shandong,2,2,1
11417,C234,1965,Shandong,6,2,1
11418,C234,1966,Shandong,6,2,1
11419,C234,1967,Shandong,7,2,1
11420,C234,1968,Shandong,8,2,1
11421,C234,1969,Shandong,8,2,1
11422,C234,1970,Shandong,8,3,1
11423,C234,1971,Shandong,10,3,1
11424,C234,1972,Shandong,11,3,1
11425,C234,1973,Shandong,12,4,1
11426,C234,1974,Shandong,13,4,1
11427,C234,1975,Shandong,13,5,1
11428,C234,1976,Shandong,15,6,1
11429,C234,1977,Shandong,15,6,1
11430,C234,1978,Shandong,16,6,1
11431,C234,1979,Shandong,16,6,1
11432,C234,1980,Shandong,15,6,1
11433,C234,1981,Shandong,15,7,1
11434,C234,1982,Shandong,15,7,1
11435,C234,1983,Shandong,16,7,1
11436,C234,1984,Shandong,16,6,1
11437,C234,1985,Shandong,17,6,1
11438,C234,1986,Shandong,17,6,1
11439,C234,1987,Shandong,16,7,1
11440,C234,1988,Shandong,16,6,1
11441,C234,1989,Shandong,16,7,1
11442,C234,1990,Shandong,17,7,1
11443,C234,1991,Shandong,17,7,1
11444,C234,1992,Shandong,17,7,1
11445,C234,1993,Shandong,16,6,1
11446,C234,1994,Shandong,15,6,1
11447,C234,1995,Shandong,16,7,1
11448,C234,1996,Shandong,15,7,1
11449,C234,1997,Shandong,16,7,1
11450,C234,1998,Shandong,16,7,1
11451,C234,1999,Shandong,16,8,1
11452,C234,2000,Shandong,14,6,1
11453,C234,2001,Shandong,14,6,1
11454,C234,2002,Shandong,14,7,1
11455,C234,2003,Shandong,14,5,1
11456,C234,2004,Shandong,17,7,1
11457,C234,2005,Shandong,19,7,1
11458,C234,2006,Shandong,21,8,1
11459,C234,2007,Shandong,20,8,1
11460,C234,2008,Shandong,20,8,1
11461,C234,2009,Shandong,20,11,1
11462,C234,2010,Shandong,21,14,1
11463,C234,2011,Shandong,20,11,1
11464,C234,2012,Shandong,19,12,1
11465,C234,2013,Shandong,19,14,1
11466,C235,1965,Shandong,3,2,1
11467,C235,1966,Shandong,3,2,1
11468,C235,1967,Shandong,4,2,1
11469,C235,1968,Shandong,4,2,1
11470,C235,1969,Shandong,4,2,1
11471,C235,1970,Shandong,4,2,1
11472,C235,1971,Shandong,5,3,1
11473,C235,1972,Shandong,6,3,1
11474,C235,1973,Shandong,6,3,1
11475,C235,1974,Shandong,6,3,1
11476,C235,1975,Shandong,7,4,1
11477,C235,1976,Shandong,8,5,1
11478,C235,1977,Shandong,8,5,1
11479,C235,1978,Shandong,8,5,1
11480,C235,1979,Shandong,8,5,1
11481,C235,1980,Shandong,8,5,1
11482,C235,1981,Shandong,8,6,1
11483,C235,1982,Shandong,7,6,1
11484,C235,1983,Shandong,8,6,1
11485,C235,1984,Shandong,8,5,1
11486,C235,1985,Shandong,8,5,1
11487,C235,1986,Shandong,8,5,1
11488,C235,1987,Shandong,8,5,1
11489,C235,1988,Shandong,8,5,1
11490,C235,1989,Shandong,8,6,1
11491,C235,1990,Shandong,8,6,1
11492,C235,1991,Shandong,8,6,1
11493,C235,1992,Shandong,8,6,1
11494,C235,1993,Shandong,8,6,1
11495,C235,1994,Shandong,8,5,1
11496,C235,1995,Shandong,8,6,1
11497,C235,1996,Shandong,8,6,1
11498,C235,1997,Shandong,8,6,1
11499,C235,1998,Shandong,8,7,1
11500,C235,1999,Shandong,8,7,1
11501,C235,2000,Shandong,7,6,1
11502,C235,2001,Shandong,7,6,1
11503,C235,2002,Shandong,7,6,1
11504,C235,2003,Shandong,7,6,1
11505,C235,2004,Shandong,7,7,1
11506,C235,2005,Shandong,7,7,1
11507,C235,2006,Shandong,7,7,1
11508,C235,2007,Shandong,7,7,1
11509,C235,2008,Shandong,7,7,1
11510,C235,2009,Shandong,7,7,1
11511,C235,2010,Shandong,8,7,1
11512,C235,2011,Shandong,7,7,1
11513,C235,2012,Shandong,8,7,1
11514,C235,2013,Shandong,8,7,1
11515,C236,1965,Shandong,4,2,1
11516,C236,1966,Shandong,5,2,1
11517,C236,1967,Shandong,5,2,1
11518,C236,1968,Shandong,6,2,1
11519,C236,1969,Shandong,6,2,1
11520,C236,1970,Shandong,6,3,1
11521,C236,1971,Shandong,7,3,2
11522,C236,1972,Shandong,8,3,3
11523,C236,1973,Shandong,9,4,2
11524,C236,1974,Shandong,9,4,2
11525,C236,1975,Shandong,10,5,2
11526,C236,1976,Shandong,11,6,2
11527,C236,1977,Shandong,11,6,2
11528,C236,1978,Shandong,11,6,2
11529,C236,1979,Shandong,11,7,2
11530,C236,1980,Shandong,11,6,2
11531,C236,1981,Shandong,11,7,2
11532,C236,1982,Shandong,11,7,2
11533,C236,1983,Shandong,11,7,2
11534,C236,1984,Shandong,12,6,2
11535,C236,1985,Shandong,12,6,2
11536,C236,1986,Shandong,12,6,2
11537,C236,1987,Shandong,11,7,1
11538,C236,1988,Shandong,11,6,1
11539,C236,1989,Shandong,11,7,1
11540,C236,1990,Shandong,12,7,2
11541,C236,1991,Shandong,12,7,2
11542,C236,1992,Shandong,12,7,2
11543,C236,1993,Shandong,12,6,2
11544,C236,1994,Shandong,12,6,2
11545,C236,1995,Shandong,12,7,2
11546,C236,1996,Shandong,12,7,2
11547,C236,1997,Shandong,12,7,2
11548,C236,1998,Shandong,12,8,2
11549,C236,1999,Shandong,12,8,2
11550,C236,2000,Shandong,12,7,2
11551,C236,2001,Shandong,11,8,2
11552,C236,2002,Shandong,11,8,2
11553,C236,2003,Shandong,11,7,1
11554,C236,2004,Shandong,9,7,2
11555,C236,2005,Shandong,9,6,2
11556,C236,2006,Shandong,10,7,2
11557,C236,2007,Shandong,10,7,2
11558,C236,2008,Shandong,11,7,2
11559,C236,2009,Shandong,11,7,2
11560,C236,2010,Shandong,11,8,2
11561,C236,2011,Shandong,11,8,2
11562,C236,2012,Shandong,12,9,2
11563,C236,2013,Shandong,12,9,2
11564,C237,1965,Shandong,1,1,0
11565,C237,1966,Shandong,1,1,0
11566,C237,1967,Shandong,1,1,0
11567,C237,1968,Shandong,1,1,0
11568,C237,1969,Shandong,1,1,0
11569,C237,1970,Shandong,1,1,0
11570,C237,1971,Shandong,1,1,0
11571,C237,1972,Shandong,1,1,0
11572,C237,1973,Shandong,1,1,0
11573,C237,1974,Shandong,1,1,0
11574,C237,1975,Shandong,1,1,0
11575,C237,1976,Shandong,1,1,0
11576,C237,1977,Shandong,1,1,0
11577,C237,1978,Shandong,1,1,0
11578,C237,1979,Shandong,1,1,0
11579,C237,1980,Shandong,1,1,0
11580,C237,1981,Shandong,1,1,0
11581,C237,1982,Shandong,1,1,0
11582,C237,1983,Shandong,1,1,0
11583,C237,1984,Shandong,1,1,0
11584,C237,1985,Shandong,1,1,0
11585,C237,1986,Shandong,1,1,0
11586,C237,1987,Shandong,1,1,0
11587,C237,1988,Shandong,1,1,0
11588,C237,1989,Shandong,1,1,0
11589,C237,1990,Shandong,1,1,0
11590,C237,1991,Shandong,1,1,0
11591,C237,1992,Shandong,1,1,0
11592,C237,1993,Shandong,1,2,0
11593,C237,1994,Shandong,1,1,0
11594,C237,1995,Shandong,1,2,0
11595,C237,1996,Shandong,1,2,0
11596,C237,1997,Shandong,1,2,0
11597,C237,1998,Shandong,1,2,0
11598,C237,1999,Shandong,1,2,0
11599,C237,2000,Shandong,1,1,0
11600,C237,2001,Shandong,1,1,0
11601,C237,2002,Shandong,1,1,0
11602,C237,2003,Shandong,1,1,0
11603,C237,2004,Shandong,1,1,0
11604,C237,2005,Shandong,1,1,0
11605,C237,2006,Shandong,1,1,0
11606,C237,2007,Shandong,1,1,0
11607,C237,2008,Shandong,1,1,0
11608,C237,2009,Shandong,1,1,0
11609,C237,2010,Shandong,1,2,0
11610,C237,2011,Shandong,1,1,1
11611,C237,2012,Shandong,1,1,0
11612,C237,2013,Shandong,1,1,0
11613,C238,1965,Shandong,5,2,1
11614,C238,1966,Shandong,5,3,1
11615,C238,1967,Shandong,6,3,1
11616,C238,1968,Shandong,6,3,1
11617,C238,1969,Shandong,6,3,1
11618,C238,1970,Shandong,7,3,1
11619,C238,1971,Shandong,8,4,1
11620,C238,1972,Shandong,9,4,1
11621,C238,1973,Shandong,9,4,1
11622,C238,1974,Shandong,10,5,1
11623,C238,1975,Shandong,10,6,1
11624,C238,1976,Shandong,12,7,1
11625,C238,1977,Shandong,12,7,1
11626,C238,1978,Shandong,12,8,1
11627,C238,1979,Shandong,12,8,1
11628,C238,1980,Shandong,12,8,1
11629,C238,1981,Shandong,12,8,1
11630,C238,1982,Shandong,11,8,1
11631,C238,1983,Shandong,12,8,1
11632,C238,1984,Shandong,13,8,1
11633,C238,1985,Shandong,13,8,1
11634,C238,1986,Shandong,13,8,1
11635,C238,1987,Shandong,12,8,1
11636,C238,1988,Shandong,12,8,1
11637,C238,1989,Shandong,12,8,1
11638,C238,1990,Shandong,13,8,1
11639,C238,1991,Shandong,13,8,1
11640,C238,1992,Shandong,13,8,1
11641,C238,1993,Shandong,14,7,1
11642,C238,1994,Shandong,13,8,1
11643,C238,1995,Shandong,13,8,1
11644,C238,1996,Shandong,13,9,1
11645,C238,1997,Shandong,13,8,1
11646,C238,1998,Shandong,13,9,1
11647,C238,1999,Shandong,13,10,1
11648,C238,2000,Shandong,12,7,1
11649,C238,2001,Shandong,12,8,1
11650,C238,2002,Shandong,12,8,1
11651,C238,2003,Shandong,11,8,1
11652,C238,2004,Shandong,10,9,1
11653,C238,2005,Shandong,12,10,1
11654,C238,2006,Shandong,12,10,1
11655,C238,2007,Shandong,13,11,1
11656,C238,2008,Shandong,12,12,1
11657,C238,2009,Shandong,12,11,1
11658,C238,2010,Shandong,12,10,1
11659,C238,2011,Shandong,13,12,1
11660,C238,2012,Shandong,13,12,1
11661,C238,2013,Shandong,13,11,1
11809,C242,1965,Shandong,2,1,1
11810,C242,1966,Shandong,3,2,1
11811,C242,1967,Shandong,3,2,1
11812,C242,1968,Shandong,3,2,1
11813,C242,1969,Shandong,3,2,1
11814,C242,1970,Shandong,3,2,1
11815,C242,1971,Shandong,4,2,1
11816,C242,1972,Shandong,4,2,1
11817,C242,1973,Shandong,5,2,1
11818,C242,1974,Shandong,5,3,1
11819,C242,1975,Shandong,5,3,1
11820,C242,1976,Shandong,6,4,1
11821,C242,1977,Shandong,6,4,1
11822,C242,1978,Shandong,6,4,1
11823,C242,1979,Shandong,6,4,1
11824,C242,1980,Shandong,6,4,1
11825,C242,1981,Shandong,6,4,1
11826,C242,1982,Shandong,6,4,1
11827,C242,1983,Shandong,6,4,1
11828,C242,1984,Shandong,6,4,1
11829,C242,1985,Shandong,6,4,1
11830,C242,1986,Shandong,7,4,1
11831,C242,1987,Shandong,6,4,1
11832,C242,1988,Shandong,6,4,1
11833,C242,1989,Shandong,6,4,1
11834,C242,1990,Shandong,6,5,1
11835,C242,1991,Shandong,6,5,1
11836,C242,1992,Shandong,6,4,1
11837,C242,1993,Shandong,7,5,1
11838,C242,1994,Shandong,6,4,1
11839,C242,1995,Shandong,6,5,1
11840,C242,1996,Shandong,6,5,1
11841,C242,1997,Shandong,6,5,1
11842,C242,1998,Shandong,6,5,1
11843,C242,1999,Shandong,6,5,1
11844,C242,2000,Shandong,6,5,1
11845,C242,2001,Shandong,6,5,1
11846,C242,2002,Shandong,6,5,1
11847,C242,2003,Shandong,6,5,1
11848,C242,2004,Shandong,6,5,1
11849,C242,2005,Shandong,6,6,1
11850,C242,2006,Shandong,7,6,1
11851,C242,2007,Shandong,7,6,1
11852,C242,2008,Shandong,7,7,1
11853,C242,2009,Shandong,7,6,1
11854,C242,2010,Shandong,6,5,1
11855,C242,2011,Shandong,7,6,1
11856,C242,2012,Shandong,7,6,1
11857,C242,2013,Shandong,6,6,1
12054,C247,1965,Shandong,2,1,1
12055,C247,1966,Shandong,2,1,1
12056,C247,1967,Shandong,2,1,1
12057,C247,1968,Shandong,2,1,1
12058,C247,1969,Shandong,2,1,1
12059,C247,1970,Shandong,3,2,1
12060,C247,1971,Shandong,3,2,1
12061,C247,1972,Shandong,3,2,1
12062,C247,1973,Shandong,3,2,1
12063,C247,1974,Shandong,4,2,1
12064,C247,1975,Shandong,4,3,1
12065,C247,1976,Shandong,4,3,1
12066,C247,1977,Shandong,4,3,1
12067,C247,1978,Shandong,4,4,1
12068,C247,1979,Shandong,5,4,1
12069,C247,1980,Shandong,4,4,1
12070,C247,1981,Shandong,4,4,1
12071,C247,1982,Shandong,4,4,1
12072,C247,1983,Shandong,4,4,1
12073,C247,1984,Shandong,5,3,1
12074,C247,1985,Shandong,5,3,1
12075,C247,1986,Shandong,5,4,1
12076,C247,1987,Shandong,5,4,1
12077,C247,1988,Shandong,4,4,1
12078,C247,1989,Shandong,4,4,1
12079,C247,1990,Shandong,5,4,1
12080,C247,1991,Shandong,5,4,1
12081,C247,1992,Shandong,5,4,1
12082,C247,1993,Shandong,5,4,1
12083,C247,1994,Shandong,5,4,1
12084,C247,1995,Shandong,5,4,1
12085,C247,1996,Shandong,5,4,1
12086,C247,1997,Shandong,5,4,1
12087,C247,1998,Shandong,5,4,1
12088,C247,1999,Shandong,5,4,1
12089,C247,2000,Shandong,4,4,1
12090,C247,2001,Shandong,4,4,1
12091,C247,2002,Shandong,4,4,1
12092,C247,2003,Shandong,4,4,1
12093,C247,2004,Shandong,4,3,1
12094,C247,2005,Shandong,4,4,1
12095,C247,2006,Shandong,4,4,1
12096,C247,2007,Shandong,4,4,1
12097,C247,2008,Shandong,4,4,1
12098,C247,2009,Shandong,4,4,1
12099,C247,2010,Shandong,5,5,1
12100,C247,2011,Shandong,4,4,1
12101,C247,2012,Shandong,5,4,1
12102,C247,2013,Shandong,5,5,1
12152,C249,1965,Shanxi,2,1,0
12153,C249,1966,Shanxi,2,1,0
12154,C249,1967,Shanxi,2,1,0
12155,C249,1968,Shanxi,2,1,0
12156,C249,1969,Shanxi,2,1,0
12157,C249,1970,Shanxi,2,1,0
12158,C249,1971,Shanxi,2,1,0
12159,C249,1972,Shanxi,2,1,0
12160,C249,1973,Shanxi,2,1,0
12161,C249,1974,Shanxi,2,1,0
12162,C249,1975,Shanxi,2,1,0
12163,C249,1976,Shanxi,3,2,0
12164,C249,1977,Shanxi,3,2,0
12165,C249,1978,Shanxi,2,2,0
12166,C249,1979,Shanxi,2,2,0
12167,C249,1980,Shanxi,2,2,0
12168,C249,1981,Shanxi,2,1,0
12169,C249,1982,Shanxi,2,1,0
12170,C249,1983,Shanxi,2,1,0
12171,C249,1984,Shanxi,2,1,0
12172,C249,1985,Shanxi,2,1,0
12173,C249,1986,Shanxi,2,1,0
12174,C249,1987,Shanxi,2,2,0
12175,C249,1988,Shanxi,2,2,0
12176,C249,1989,Shanxi,2,2,0
12177,C249,1990,Shanxi,3,2,0
12178,C249,1991,Shanxi,3,2,0
12179,C249,1992,Shanxi,3,2,0
12180,C249,1993,Shanxi,3,2,0
12181,C249,1994,Shanxi,3,2,0
12182,C249,1995,Shanxi,2,2,0
12183,C249,1996,Shanxi,2,2,0
12184,C249,1997,Shanxi,2,2,0
12185,C249,1998,Shanxi,2,2,0
12186,C249,1999,Shanxi,2,2,0
12187,C249,2000,Shanxi,2,2,0
12188,C249,2001,Shanxi,2,2,0
12189,C249,2002,Shanxi,2,2,0
12190,C249,2003,Shanxi,2,2,0
12191,C249,2004,Shanxi,2,2,0
12192,C249,2005,Shanxi,2,2,0
12193,C249,2006,Shanxi,2,2,0
12194,C249,2007,Shanxi,2,2,0
12195,C249,2008,Shanxi,2,2,0
12196,C249,2009,Shanxi,2,2,0
12197,C249,2010,Shanxi,2,3,0
12198,C249,2011,Shanxi,2,3,0
12199,C249,2012,Shanxi,2,3,0
12200,C249,2013,Shanxi,2,3,0
12201,C250,1965,Shanxi,2,2,0
12202,C250,1966,Shanxi,2,2,0
12203,C250,1967,Shanxi,2,2,0
12204,C250,1968,Shanxi,2,2,0
12205,C250,1969,Shanxi,2,2,0
12206,C250,1970,Shanxi,2,2,0
12207,C250,1971,Shanxi,2,2,0
12208,C250,1972,Shanxi,2,2,0
12209,C250,1973,Shanxi,2,2,0
12210,C250,1974,Shanxi,2,2,0
12211,C250,1975,Shanxi,2,2,0
12212,C250,1976,Shanxi,3,2,0
12213,C250,1977,Shanxi,3,3,0
12214,C250,1978,Shanxi,2,3,0
12215,C250,1979,Shanxi,2,3,0
12216,C250,1980,Shanxi,2,3,0
12217,C250,1981,Shanxi,2,2,0
12218,C250,1982,Shanxi,2,2,0
12219,C250,1983,Shanxi,2,2,0
12220,C250,1984,Shanxi,2,2,0
12221,C250,1985,Shanxi,2,2,0
12222,C250,1986,Shanxi,2,2,0
12223,C250,1987,Shanxi,2,2,0
12224,C250,1988,Shanxi,2,2,0
12225,C250,1989,Shanxi,2,2,0
12226,C250,1990,Shanxi,2,2,0
12227,C250,1991,Shanxi,2,2,0
12228,C250,1992,Shanxi,2,2,0
12229,C250,1993,Shanxi,2,2,0
12230,C250,1994,Shanxi,2,2,0
12231,C250,1995,Shanxi,2,3,0
12232,C250,1996,Shanxi,2,3,0
12233,C250,1997,Shanxi,2,3,0
12234,C250,1998,Shanxi,2,3,0
12235,C250,1999,Shanxi,2,3,0
12236,C250,2000,Shanxi,2,3,0
12237,C250,2001,Shanxi,2,3,0
12238,C250,2002,Shanxi,1,3,0
12239,C250,2003,Shanxi,1,3,0
12240,C250,2004,Shanxi,1,3,0
12241,C250,2005,Shanxi,1,4,0
12242,C250,2006,Shanxi,1,4,0
12243,C250,2007,Shanxi,1,5,0
12244,C250,2008,Shanxi,1,5,0
12245,C250,2009,Shanxi,1,5,0
12246,C250,2010,Shanxi,1,5,0
12247,C250,2011,Shanxi,1,6,0
12248,C250,2012,Shanxi,1,6,0
12249,C250,2013,Shanxi,1,6,0
12250,C251,1965,Shanxi,5,2,0
12251,C251,1966,Shanxi,5,2,0
12252,C251,1967,Shanxi,5,2,0
12253,C251,1968,Shanxi,5,2,0
12254,C251,1969,Shanxi,5,2,0
12255,C251,1970,Shanxi,5,2,0
12256,C251,1971,Shanxi,5,2,0
12257,C251,1972,Shanxi,6,2,0
12258,C251,1973,Shanxi,6,2,0
12259,C251,1974,Shanxi,6,2,0
12260,C251,1975,Shanxi,6,2,0
12261,C251,1976,Shanxi,7,2,0
12262,C251,1977,Shanxi,7,3,0
12263,C251,1978,Shanxi,7,3,0
12264,C251,1979,Shanxi,7,3,0
12265,C251,1980,Shanxi,6,2,0
12266,C251,1981,Shanxi,6,2,0
12267,C251,1982,Shanxi,6,2,0
12268,C251,1983,Shanxi,6,2,0
12269,C251,1984,Shanxi,6,2,0
12270,C251,1985,Shanxi,7,2,0
12271,C251,1986,Shanxi,7,2,0
12272,C251,1987,Shanxi,7,2,0
12273,C251,1988,Shanxi,7,2,0
12274,C251,1989,Shanxi,7,2,0
12275,C251,1990,Shanxi,7,2,0
12276,C251,1991,Shanxi,7,2,0
12277,C251,1992,Shanxi,7,2,0
12278,C251,1993,Shanxi,7,2,0
12279,C251,1994,Shanxi,7,2,0
12280,C251,1995,Shanxi,6,3,0
12281,C251,1996,Shanxi,6,3,0
12282,C251,1997,Shanxi,6,3,0
12283,C251,1998,Shanxi,6,3,0
12284,C251,1999,Shanxi,6,3,0
12285,C251,2000,Shanxi,6,3,0
12286,C251,2001,Shanxi,7,3,0
12287,C251,2002,Shanxi,6,3,0
12288,C251,2003,Shanxi,6,3,0
12289,C251,2004,Shanxi,5,3,0
12290,C251,2005,Shanxi,6,3,0
12291,C251,2006,Shanxi,6,4,0
12292,C251,2007,Shanxi,7,4,0
12293,C251,2008,Shanxi,7,5,0
12294,C251,2009,Shanxi,7,5,0
12295,C251,2010,Shanxi,7,5,0
12296,C251,2011,Shanxi,7,6,0
12297,C251,2012,Shanxi,7,6,0
12298,C251,2013,Shanxi,7,6,0
12299,C252,1965,Shanxi,1,1,0
12300,C252,1966,Shanxi,2,1,0
12301,C252,1967,Shanxi,2,1,0
12302,C252,1968,Shanxi,2,1,0
12303,C252,1969,Shanxi,2,1,0
12304,C252,1970,Shanxi,2,1,0
12305,C252,1971,Shanxi,2,1,0
12306,C252,1972,Shanxi,2,1,0
12307,C252,1973,Shanxi,2,1,0
12308,C252,1974,Shanxi,2,2,0
12309,C252,1975,Shanxi,2,2,0
12310,C252,1976,Shanxi,2,2,0
12311,C252,1977,Shanxi,2,2,0
12312,C252,1978,Shanxi,2,2,0
12313,C252,1979,Shanxi,2,2,0
12314,C252,1980,Shanxi,2,2,0
12315,C252,1981,Shanxi,2,2,0
12316,C252,1982,Shanxi,2,2,0
12317,C252,1983,Shanxi,2,2,0
12318,C252,1984,Shanxi,2,2,0
12319,C252,1985,Shanxi,2,1,0
12320,C252,1986,Shanxi,2,1,0
12321,C252,1987,Shanxi,2,2,0
12322,C252,1988,Shanxi,2,2,0
12323,C252,1989,Shanxi,2,2,0
12324,C252,1990,Shanxi,2,2,0
12325,C252,1991,Shanxi,2,2,0
12326,C252,1992,Shanxi,2,2,0
12327,C252,1993,Shanxi,2,2,0
12328,C252,1994,Shanxi,2,2,0
12329,C252,1995,Shanxi,2,2,0
12330,C252,1996,Shanxi,2,2,0
12331,C252,1997,Shanxi,2,2,0
12332,C252,1998,Shanxi,2,2,0
12333,C252,1999,Shanxi,2,2,0
12334,C252,2000,Shanxi,2,2,0
12335,C252,2001,Shanxi,1,2,0
12336,C252,2002,Shanxi,1,2,0
12337,C252,2003,Shanxi,1,2,0
12338,C252,2004,Shanxi,1,3,0
12339,C252,2005,Shanxi,1,3,0
12340,C252,2006,Shanxi,1,3,0
12341,C252,2007,Shanxi,1,3,0
12342,C252,2008,Shanxi,1,4,0
12343,C252,2009,Shanxi,1,4,0
12344,C252,2010,Shanxi,1,4,0
12345,C252,2011,Shanxi,1,4,0
12346,C252,2012,Shanxi,1,4,0
12347,C252,2013,Shanxi,1,5,0
12348,C253,1965,Shanxi,1,1,0
12349,C253,1966,Shanxi,1,1,0
12350,C253,1967,Shanxi,1,1,0
12351,C253,1968,Shanxi,1,1,0
12352,C253,1969,Shanxi,1,1,0
12353,C253,1970,Shanxi,1,1,0
12354,C253,1971,Shanxi,1,1,0
12355,C253,1972,Shanxi,1,1,0
12356,C253,1973,Shanxi,1,1,0
12357,C253,1974,Shanxi,1,1,0
12358,C253,1975,Shanxi,1,1,0
12359,C253,1976,Shanxi,1,2,0
12360,C253,1977,Shanxi,1,2,0
12361,C253,1978,Shanxi,1,2,0
12362,C253,1979,Shanxi,1,2,0
12363,C253,1980,Shanxi,1,2,0
12364,C253,1981,Shanxi,1,2,0
12365,C253,1982,Shanxi,1,1,0
12366,C253,1983,Shanxi,1,1,0
12367,C253,1984,Shanxi,1,1,0
12368,C253,1985,Shanxi,1,1,0
12369,C253,1986,Shanxi,1,1,0
12370,C253,1987,Shanxi,1,1,0
12371,C253,1988,Shanxi,1,1,0
12372,C253,1989,Shanxi,1,1,0
12373,C253,1990,Shanxi,1,2,0
12374,C253,1991,Shanxi,1,2,0
12375,C253,1992,Shanxi,1,2,0
12376,C253,1993,Shanxi,1,2,0
12377,C253,1994,Shanxi,1,2,0
12378,C253,1995,Shanxi,1,2,0
12379,C253,1996,Shanxi,1,2,0
12380,C253,1997,Shanxi,1,2,0
12381,C253,1998,Shanxi,1,2,0
12382,C253,1999,Shanxi,1,2,0
12383,C253,2000,Shanxi,1,2,0
12384,C253,2001,Shanxi,1,2,0
12385,C253,2002,Shanxi,1,2,0
12386,C253,2003,Shanxi,1,2,0
12387,C253,2004,Shanxi,1,3,0
12388,C253,2005,Shanxi,1,3,0
12389,C253,2006,Shanxi,1,3,0
12390,C253,2007,Shanxi,1,3,0
12391,C253,2008,Shanxi,1,3,0
12392,C253,2009,Shanxi,1,4,0
12393,C253,2010,Shanxi,1,4,0
12394,C253,2011,Shanxi,1,4,0
12395,C253,2012,Shanxi,1,4,0
12396,C253,2013,Shanxi,0,4,0
12446,C255,1965,Shanxi,1,2,0
12447,C255,1966,Shanxi,1,2,0
12448,C255,1967,Shanxi,1,2,0
12449,C255,1968,Shanxi,1,2,0
12450,C255,1969,Shanxi,1,2,0
12451,C255,1970,Shanxi,1,2,0
12452,C255,1971,Shanxi,1,2,0
12453,C255,1972,Shanxi,1,2,0
12454,C255,1973,Shanxi,1,2,0
12455,C255,1974,Shanxi,1,2,0
12456,C255,1975,Shanxi,1,2,0
12457,C255,1976,Shanxi,1,3,0
12458,C255,1977,Shanxi,1,3,0
12459,C255,1978,Shanxi,1,3,0
12460,C255,1979,Shanxi,1,3,0
12461,C255,1980,Shanxi,1,3,0
12462,C255,1981,Shanxi,1,2,0
12463,C255,1982,Shanxi,1,2,0
12464,C255,1983,Shanxi,1,2,0
12465,C255,1984,Shanxi,1,2,0
12466,C255,1985,Shanxi,1,2,0
12467,C255,1986,Shanxi,1,2,0
12468,C255,1987,Shanxi,1,2,0
12469,C255,1988,Shanxi,1,2,0
12470,C255,1989,Shanxi,1,2,0
12471,C255,1990,Shanxi,1,2,0
12472,C255,1991,Shanxi,1,2,0
12473,C255,1992,Shanxi,1,2,0
12474,C255,1993,Shanxi,1,2,0
12475,C255,1994,Shanxi,1,3,0
12476,C255,1995,Shanxi,1,3,0
12477,C255,1996,Shanxi,1,3,0
12478,C255,1997,Shanxi,1,3,0
12479,C255,1998,Shanxi,1,3,0
12480,C255,1999,Shanxi,1,3,0
12481,C255,2000,Shanxi,1,3,0
12482,C255,2001,Shanxi,1,3,0
12483,C255,2002,Shanxi,1,3,0
12484,C255,2003,Shanxi,1,4,0
12485,C255,2004,Shanxi,1,4,0
12486,C255,2005,Shanxi,1,4,0
12487,C255,2006,Shanxi,1,5,0
12488,C255,2007,Shanxi,1,6,0
12489,C255,2008,Shanxi,1,6,0
12490,C255,2009,Shanxi,1,6,0
12491,C255,2010,Shanxi,1,6,0
12492,C255,2011,Shanxi,1,7,0
12493,C255,2012,Shanxi,1,7,0
12494,C255,2013,Shanxi,1,7,0
12495,C256,1965,Shanxi,1,1,0
12496,C256,1966,Shanxi,1,1,0
12497,C256,1967,Shanxi,1,1,0
12498,C256,1968,Shanxi,1,1,0
12499,C256,1969,Shanxi,1,1,0
12500,C256,1970,Shanxi,1,1,0
12501,C256,1971,Shanxi,1,1,0
12502,C256,1972,Shanxi,1,1,0
12503,C256,1973,Shanxi,1,1,0
12504,C256,1974,Shanxi,1,1,0
12505,C256,1975,Shanxi,1,1,0
12506,C256,1976,Shanxi,1,1,0
12507,C256,1977,Shanxi,1,1,0
12508,C256,1978,Shanxi,1,1,0
12509,C256,1979,Shanxi,1,1,0
12510,C256,1980,Shanxi,1,1,0
12511,C256,1981,Shanxi,1,1,0
12512,C256,1982,Shanxi,1,1,0
12513,C256,1983,Shanxi,1,1,0
12514,C256,1984,Shanxi,1,1,0
12515,C256,1985,Shanxi,1,1,0
12516,C256,1986,Shanxi,1,1,0
12517,C256,1987,Shanxi,1,1,0
12518,C256,1988,Shanxi,1,1,0
12519,C256,1989,Shanxi,1,1,0
12520,C256,1990,Shanxi,1,1,0
12521,C256,1991,Shanxi,1,1,0
12522,C256,1992,Shanxi,1,1,0
12523,C256,1993,Shanxi,1,1,0
12524,C256,1994,Shanxi,1,1,0
12525,C256,1995,Shanxi,1,1,0
12526,C256,1996,Shanxi,1,1,0
12527,C256,1997,Shanxi,1,1,0
12528,C256,1998,Shanxi,1,1,0
12529,C256,1999,Shanxi,1,1,0
12530,C256,2000,Shanxi,1,1,0
12531,C256,2001,Shanxi,1,1,0
12532,C256,2002,Shanxi,1,1,0
12533,C256,2003,Shanxi,1,1,0
12534,C256,2004,Shanxi,1,1,0
12535,C256,2005,Shanxi,1,1,0
12536,C256,2006,Shanxi,1,1,0
12537,C256,2007,Shanxi,1,2,0
12538,C256,2008,Shanxi,1,2,0
12539,C256,2009,Shanxi,1,2,0
12540,C256,2010,Shanxi,1,2,0
12541,C256,2011,Shanxi,1,2,0
12542,C256,2012,Shanxi,1,2,0
12543,C256,2013,Shanxi,1,2,0
12593,C258,1965,Shanxi,2,2,0
12594,C258,1966,Shanxi,2,2,0
12595,C258,1967,Shanxi,2,2,0
12596,C258,1968,Shanxi,2,2,0
12597,C258,1969,Shanxi,2,2,0
12598,C258,1970,Shanxi,2,2,0
12599,C258,1971,Shanxi,2,2,0
12600,C258,1972,Shanxi,2,2,0
12601,C258,1973,Shanxi,2,2,0
12602,C258,1974,Shanxi,2,3,0
12603,C258,1975,Shanxi,2,3,0
12604,C258,1976,Shanxi,2,3,0
12605,C258,1977,Shanxi,2,3,0
12606,C258,1978,Shanxi,2,3,0
12607,C258,1979,Shanxi,2,3,0
12608,C258,1980,Shanxi,2,3,0
12609,C258,1981,Shanxi,2,3,0
12610,C258,1982,Shanxi,2,3,0
12611,C258,1983,Shanxi,2,3,0
12612,C258,1984,Shanxi,2,3,0
12613,C258,1985,Shanxi,2,2,0
12614,C258,1986,Shanxi,2,2,0
12615,C258,1987,Shanxi,2,3,0
12616,C258,1988,Shanxi,2,3,0
12617,C258,1989,Shanxi,2,3,0
12618,C258,1990,Shanxi,2,3,0
12619,C258,1991,Shanxi,2,3,0
12620,C258,1992,Shanxi,2,3,0
12621,C258,1993,Shanxi,2,3,0
12622,C258,1994,Shanxi,2,3,0
12623,C258,1995,Shanxi,2,3,0
12624,C258,1996,Shanxi,2,4,0
12625,C258,1997,Shanxi,2,3,0
12626,C258,1998,Shanxi,2,3,0
12627,C258,1999,Shanxi,2,4,0
12628,C258,2000,Shanxi,2,3,0
12629,C258,2001,Shanxi,1,3,0
12630,C258,2002,Shanxi,1,3,0
12631,C258,2003,Shanxi,1,3,0
12632,C258,2004,Shanxi,1,4,0
12633,C258,2005,Shanxi,1,4,0
12634,C258,2006,Shanxi,1,5,0
12635,C258,2007,Shanxi,1,5,0
12636,C258,2008,Shanxi,1,5,0
12637,C258,2009,Shanxi,1,5,0
12638,C258,2010,Shanxi,1,5,0
12639,C258,2011,Shanxi,1,6,0
12640,C258,2012,Shanxi,1,6,0
12641,C258,2013,Shanxi,1,6,0
12691,C260,1965,Shaanxi,3,2,1
12692,C260,1966,Shaanxi,3,2,1
12693,C260,1967,Shaanxi,3,2,1
12694,C260,1968,Shaanxi,3,2,1
12695,C260,1969,Shaanxi,3,2,1
12696,C260,1970,Shaanxi,4,2,1
12697,C260,1971,Shaanxi,4,2,1
12698,C260,1972,Shaanxi,5,2,1
12699,C260,1973,Shaanxi,5,2,1
12700,C260,1974,Shaanxi,5,3,1
12701,C260,1975,Shaanxi,5,3,1
12702,C260,1976,Shaanxi,5,3,1
12703,C260,1977,Shaanxi,5,3,1
12704,C260,1978,Shaanxi,5,3,1
12705,C260,1979,Shaanxi,5,3,1
12706,C260,1980,Shaanxi,5,3,1
12707,C260,1981,Shaanxi,6,3,1
12708,C260,1982,Shaanxi,6,3,1
12709,C260,1983,Shaanxi,6,3,1
12710,C260,1984,Shaanxi,6,3,1
12711,C260,1985,Shaanxi,6,3,1
12712,C260,1986,Shaanxi,6,3,1
12713,C260,1987,Shaanxi,6,3,1
12714,C260,1988,Shaanxi,6,3,1
12715,C260,1989,Shaanxi,6,3,1
12716,C260,1990,Shaanxi,6,3,1
12717,C260,1991,Shaanxi,6,3,1
12718,C260,1992,Shaanxi,6,3,1
12719,C260,1993,Shaanxi,6,3,1
12720,C260,1994,Shaanxi,5,3,1
12721,C260,1995,Shaanxi,6,3,1
12722,C260,1996,Shaanxi,5,3,1
12723,C260,1997,Shaanxi,6,3,1
12724,C260,1998,Shaanxi,5,3,1
12725,C260,1999,Shaanxi,5,3,1
12726,C260,2000,Shaanxi,5,3,1
12727,C260,2001,Shaanxi,6,4,1
12728,C260,2002,Shaanxi,5,4,1
12729,C260,2003,Shaanxi,5,4,1
12730,C260,2004,Shaanxi,5,4,1
12731,C260,2005,Shaanxi,5,4,1
12732,C260,2006,Shaanxi,5,4,1
12733,C260,2007,Shaanxi,5,4,1
12734,C260,2008,Shaanxi,5,4,1
12735,C260,2009,Shaanxi,5,3,1
12736,C260,2010,Shaanxi,4,3,1
12737,C260,2011,Shaanxi,4,3,1
12738,C260,2012,Shaanxi,4,3,1
12739,C260,2013,Shaanxi,3,2,1
12789,C262,1965,Shaanxi,1,1,1
12790,C262,1966,Shaanxi,1,1,1
12791,C262,1967,Shaanxi,1,1,1
12792,C262,1968,Shaanxi,1,1,1
12793,C262,1969,Shaanxi,2,1,1
12794,C262,1970,Shaanxi,2,2,1
12795,C262,1971,Shaanxi,2,2,1
12796,C262,1972,Shaanxi,2,2,1
12797,C262,1973,Shaanxi,2,2,1
12798,C262,1974,Shaanxi,2,2,1
12799,C262,1975,Shaanxi,2,2,1
12800,C262,1976,Shaanxi,2,2,1
12801,C262,1977,Shaanxi,2,2,1
12802,C262,1978,Shaanxi,2,2,1
12803,C262,1979,Shaanxi,2,2,1
12804,C262,1980,Shaanxi,2,2,1
12805,C262,1981,Shaanxi,2,2,1
12806,C262,1982,Shaanxi,2,2,1
12807,C262,1983,Shaanxi,2,2,1
12808,C262,1984,Shaanxi,2,2,1
12809,C262,1985,Shaanxi,2,2,1
12810,C262,1986,Shaanxi,3,2,1
12811,C262,1987,Shaanxi,2,2,1
12812,C262,1988,Shaanxi,2,2,1
12813,C262,1989,Shaanxi,2,2,1
12814,C262,1990,Shaanxi,2,2,1
12815,C262,1991,Shaanxi,2,2,1
12816,C262,1992,Shaanxi,2,2,1
12817,C262,1993,Shaanxi,3,2,1
12818,C262,1994,Shaanxi,3,3,1
12819,C262,1995,Shaanxi,3,2,1
12820,C262,1996,Shaanxi,2,3,1
12821,C262,1997,Shaanxi,3,2,1
12822,C262,1998,Shaanxi,3,3,1
12823,C262,1999,Shaanxi,2,3,1
12824,C262,2000,Shaanxi,2,3,1
12825,C262,2001,Shaanxi,3,2,1
12826,C262,2002,Shaanxi,3,2,1
12827,C262,2003,Shaanxi,2,2,1
12828,C262,2004,Shaanxi,2,2,1
12829,C262,2005,Shaanxi,2,2,1
12830,C262,2006,Shaanxi,2,2,1
12831,C262,2007,Shaanxi,2,2,1
12832,C262,2008,Shaanxi,2,2,1
12833,C262,2009,Shaanxi,2,2,1
12834,C262,2010,Shaanxi,2,2,1
12835,C262,2011,Shaanxi,2,2,1
12836,C262,2012,Shaanxi,2,2,1
12837,C262,2013,Shaanxi,1,2,1
12838,C263,1965,Shaanxi,1,1,1
12839,C263,1966,Shaanxi,1,1,1
12840,C263,1967,Shaanxi,1,1,1
12841,C263,1968,Shaanxi,1,1,1
12842,C263,1969,Shaanxi,1,1,1
12843,C263,1970,Shaanxi,1,1,1
12844,C263,1971,Shaanxi,1,1,1
12845,C263,1972,Shaanxi,1,1,1
12846,C263,1973,Shaanxi,1,1,1
12847,C263,1974,Shaanxi,1,1,1
12848,C263,1975,Shaanxi,1,1,1
12849,C263,1976,Shaanxi,1,1,1
12850,C263,1977,Shaanxi,1,1,1
12851,C263,1978,Shaanxi,1,1,1
12852,C263,1979,Shaanxi,1,1,1
12853,C263,1980,Shaanxi,1,1,1
12854,C263,1981,Shaanxi,1,1,1
12855,C263,1982,Shaanxi,2,1,1
12856,C263,1983,Shaanxi,2,1,1
12857,C263,1984,Shaanxi,2,1,1
12858,C263,1985,Shaanxi,2,1,1
12859,C263,1986,Shaanxi,2,1,1
12860,C263,1987,Shaanxi,2,1,1
12861,C263,1988,Shaanxi,2,1,1
12862,C263,1989,Shaanxi,2,1,1
12863,C263,1990,Shaanxi,1,1,1
12864,C263,1991,Shaanxi,1,1,1
12865,C263,1992,Shaanxi,1,1,1
12866,C263,1993,Shaanxi,1,1,1
12867,C263,1994,Shaanxi,1,1,1
12868,C263,1995,Shaanxi,1,1,1
12869,C263,1996,Shaanxi,1,1,1
12870,C263,1997,Shaanxi,1,1,1
12871,C263,1998,Shaanxi,1,1,1
12872,C263,1999,Shaanxi,1,1,1
12873,C263,2000,Shaanxi,1,1,1
12874,C263,2001,Shaanxi,1,1,1
12875,C263,2002,Shaanxi,1,1,1
12876,C263,2003,Shaanxi,1,1,1
12877,C263,2004,Shaanxi,1,1,1
12878,C263,2005,Shaanxi,1,1,1
12879,C263,2006,Shaanxi,1,1,1
12880,C263,2007,Shaanxi,1,1,1
12881,C263,2008,Shaanxi,1,1,1
12882,C263,2009,Shaanxi,1,1,1
12883,C263,2010,Shaanxi,1,1,1
12884,C263,2011,Shaanxi,1,1,1
12885,C263,2012,Shaanxi,1,1,1
12886,C263,2013,Shaanxi,1,1,1
12887,C264,1965,Shaanxi,4,2,1
12888,C264,1966,Shaanxi,4,2,1
12889,C264,1967,Shaanxi,5,2,1
12890,C264,1968,Shaanxi,5,2,1
12891,C264,1969,Shaanxi,5,2,1
12892,C264,1970,Shaanxi,5,2,1
12893,C264,1971,Shaanxi,6,2,1
12894,C264,1972,Shaanxi,6,2,1
12895,C264,1973,Shaanxi,6,2,1
12896,C264,1974,Shaanxi,7,2,1
12897,C264,1975,Shaanxi,7,3,1
12898,C264,1976,Shaanxi,8,3,1
12899,C264,1977,Shaanxi,8,3,1
12900,C264,1978,Shaanxi,8,3,1
12901,C264,1979,Shaanxi,8,3,1
12902,C264,1980,Shaanxi,8,3,1
12903,C264,1981,Shaanxi,8,3,1
12904,C264,1982,Shaanxi,8,3,1
12905,C264,1983,Shaanxi,9,3,1
12906,C264,1984,Shaanxi,8,3,1
12907,C264,1985,Shaanxi,9,3,1
12908,C264,1986,Shaanxi,9,3,1
12909,C264,1987,Shaanxi,9,3,1
12910,C264,1988,Shaanxi,9,3,1
12911,C264,1989,Shaanxi,8,3,1
12912,C264,1990,Shaanxi,9,3,1
12913,C264,1991,Shaanxi,8,3,1
12914,C264,1992,Shaanxi,8,3,1
12915,C264,1993,Shaanxi,8,3,1
12916,C264,1994,Shaanxi,8,3,1
12917,C264,1995,Shaanxi,8,2,1
12918,C264,1996,Shaanxi,8,3,1
12919,C264,1997,Shaanxi,8,2,1
12920,C264,1998,Shaanxi,8,3,1
12921,C264,1999,Shaanxi,8,3,1
12922,C264,2000,Shaanxi,8,3,1
12923,C264,2001,Shaanxi,8,3,1
12924,C264,2002,Shaanxi,8,4,1
12925,C264,2003,Shaanxi,8,4,1
12926,C264,2004,Shaanxi,7,4,1
12927,C264,2005,Shaanxi,7,4,1
12928,C264,2006,Shaanxi,7,4,1
12929,C264,2007,Shaanxi,7,5,1
12930,C264,2008,Shaanxi,7,5,1
12931,C264,2009,Shaanxi,7,6,1
12932,C264,2010,Shaanxi,7,6,1
12933,C264,2011,Shaanxi,7,5,1
12934,C264,2012,Shaanxi,7,5,1
12935,C264,2013,Shaanxi,4,3,1
12936,C265,1965,Shaanxi,3,2,1
12937,C265,1966,Shaanxi,3,2,1
12938,C265,1967,Shaanxi,3,3,1
12939,C265,1968,Shaanxi,3,2,1
12940,C265,1969,Shaanxi,3,3,1
12941,C265,1970,Shaanxi,4,3,1
12942,C265,1971,Shaanxi,4,3,1
12943,C265,1972,Shaanxi,4,3,1
12944,C265,1973,Shaanxi,5,3,1
12945,C265,1974,Shaanxi,5,4,1
12946,C265,1975,Shaanxi,5,4,1
12947,C265,1976,Shaanxi,5,4,1
12948,C265,1977,Shaanxi,5,4,1
12949,C265,1978,Shaanxi,5,4,1
12950,C265,1979,Shaanxi,5,4,1
12951,C265,1980,Shaanxi,5,5,1
12952,C265,1981,Shaanxi,6,4,1
12953,C265,1982,Shaanxi,6,4,1
12954,C265,1983,Shaanxi,6,4,1
12955,C265,1984,Shaanxi,6,4,1
12956,C265,1985,Shaanxi,6,4,1
12957,C265,1986,Shaanxi,6,4,1
12958,C265,1987,Shaanxi,6,4,1
12959,C265,1988,Shaanxi,6,4,1
12960,C265,1989,Shaanxi,6,4,1
12961,C265,1990,Shaanxi,6,4,1
12962,C265,1991,Shaanxi,6,4,1
12963,C265,1992,Shaanxi,6,4,1
12964,C265,1993,Shaanxi,6,4,1
12965,C265,1994,Shaanxi,6,5,1
12966,C265,1995,Shaanxi,6,4,1
12967,C265,1996,Shaanxi,5,5,1
12968,C265,1997,Shaanxi,6,4,1
12969,C265,1998,Shaanxi,6,5,1
12970,C265,1999,Shaanxi,6,5,1
12971,C265,2000,Shaanxi,6,5,1
12972,C265,2001,Shaanxi,6,5,1
12973,C265,2002,Shaanxi,6,5,1
12974,C265,2003,Shaanxi,6,5,1
12975,C265,2004,Shaanxi,5,5,1
12976,C265,2005,Shaanxi,5,5,1
12977,C265,2006,Shaanxi,5,5,1
12978,C265,2007,Shaanxi,5,6,1
12979,C265,2008,Shaanxi,5,5,1
12980,C265,2009,Shaanxi,5,5,1
12981,C265,2010,Shaanxi,5,4,1
12982,C265,2011,Shaanxi,5,4,1
12983,C265,2012,Shaanxi,5,4,1
12984,C265,2013,Shaanxi,3,3,1
12985,C266,1965,Shaanxi,4,2,1
12986,C266,1966,Shaanxi,4,2,1
12987,C266,1967,Shaanxi,4,2,1
12988,C266,1968,Shaanxi,4,2,1
12989,C266,1969,Shaanxi,4,2,1
12990,C266,1970,Shaanxi,5,3,1
12991,C266,1971,Shaanxi,5,3,1
12992,C266,1972,Shaanxi,6,3,1
12993,C266,1973,Shaanxi,6,3,1
12994,C266,1974,Shaanxi,6,3,1
12995,C266,1975,Shaanxi,6,4,1
12996,C266,1976,Shaanxi,7,4,1
12997,C266,1977,Shaanxi,7,4,1
12998,C266,1978,Shaanxi,7,4,1
12999,C266,1979,Shaanxi,7,4,1
13000,C266,1980,Shaanxi,7,4,1
13001,C266,1981,Shaanxi,7,4,1
13002,C266,1982,Shaanxi,7,4,1
13003,C266,1983,Shaanxi,8,4,1
13004,C266,1984,Shaanxi,7,4,1
13005,C266,1985,Shaanxi,7,4,1
13006,C266,1986,Shaanxi,8,4,1
13007,C266,1987,Shaanxi,7,4,1
13008,C266,1988,Shaanxi,7,4,1
13009,C266,1989,Shaanxi,7,4,1
13010,C266,1990,Shaanxi,7,4,1
13011,C266,1991,Shaanxi,7,4,1
13012,C266,1992,Shaanxi,7,4,1
13013,C266,1993,Shaanxi,7,4,1
13014,C266,1994,Shaanxi,7,3,1
13015,C266,1995,Shaanxi,7,3,1
13016,C266,1996,Shaanxi,6,3,1
13017,C266,1997,Shaanxi,7,3,1
13018,C266,1998,Shaanxi,7,3,1
13019,C266,1999,Shaanxi,6,4,1
13020,C266,2000,Shaanxi,6,4,1
13021,C266,2001,Shaanxi,6,4,1
13022,C266,2002,Shaanxi,6,4,1
13023,C266,2003,Shaanxi,6,4,1
13024,C266,2004,Shaanxi,6,4,1
13025,C266,2005,Shaanxi,6,4,1
13026,C266,2006,Shaanxi,6,4,1
13027,C266,2007,Shaanxi,6,5,1
13028,C266,2008,Shaanxi,5,4,1
13029,C266,2009,Shaanxi,5,4,1
13030,C266,2010,Shaanxi,5,4,1
13031,C266,2011,Shaanxi,5,4,1
13032,C266,2012,Shaanxi,5,4,1
13033,C266,2013,Shaanxi,4,3,1
